{
  "letter_spacing": "normal", 
  "vspace": "66", 
  "form_action": "/IntegriScreenServer/MainServer", 
  "ratio": "12:12", 
  "fontsize": "15pt", 
  "border_thickness": "1", 
  "page_id": "Random_67", 
  "font_family": "\"Times\", serif", 
  "elements": [
    {
      "width": "50", 
      "initialvalue": "Random 67", 
      "editable": "false", 
      "height": "15", 
      "type": "title", 
      "id": "form_title", 
      "ulc_x": "5", 
      "ulc_y": "2"
    }, 
    {
      "width": "37", 
      "initialvalue": "17854", 
      "editable": "true", 
      "height": "9", 
      "type": "textarea", 
      "id": "0", 
      "ulc_x": "1.8", 
      "ulc_y": "19"
    }, 
    {
      "width": "57", 
      "initialvalue": "movement", 
      "editable": "true", 
      "height": "9", 
      "type": "textarea", 
      "id": "1", 
      "ulc_x": "41.8", 
      "ulc_y": "19"
    }, 
    {
      "width": "77", 
      "initialvalue": "2657268", 
      "editable": "false", 
      "height": "9", 
      "type": "label", 
      "id": "2", 
      "ulc_x": "21.8", 
      "ulc_y": "29"
    }, 
    {
      "width": "17", 
      "initialvalue": "266", 
      "editable": "false", 
      "height": "9", 
      "type": "label", 
      "id": "3", 
      "ulc_x": "81.8", 
      "ulc_y": "39"
    }, 
    {
      "width": "37", 
      "initialvalue": "crushers", 
      "editable": "true", 
      "height": "9", 
      "type": "textfield", 
      "id": "4", 
      "ulc_x": "41.8", 
      "ulc_y": "59"
    }, 
    {
      "width": "17", 
      "initialvalue": "and", 
      "editable": "true", 
      "height": "9", 
      "type": "textfield", 
      "id": "5", 
      "ulc_x": "81.8", 
      "ulc_y": "59"
    }, 
    {
      "width": "37", 
      "initialvalue": "4597639", 
      "editable": "false", 
      "height": "9", 
      "type": "button", 
      "id": "6", 
      "ulc_x": "1.8", 
      "ulc_y": "69"
    }, 
    {
      "width": "37", 
      "initialvalue": "eddied", 
      "editable": "true", 
      "height": "9", 
      "type": "textarea", 
      "id": "7", 
      "ulc_x": "41.8", 
      "ulc_y": "69"
    }, 
    {
      "width": "17", 
      "initialvalue": "and", 
      "editable": "true", 
      "height": "9", 
      "type": "textarea", 
      "id": "8", 
      "ulc_x": "81.8", 
      "ulc_y": "69"
    }, 
    {
      "width": "27", 
      "initialvalue": "52225", 
      "editable": "true", 
      "height": "9", 
      "type": "textfield", 
      "id": "9", 
      "ulc_x": "61.8", 
      "ulc_y": "79"
    }, 
    {
      "width": "27", 
      "initialvalue": "surround", 
      "editable": "true", 
      "height": "9", 
      "type": "textfield", 
      "id": "10", 
      "ulc_x": "21.8", 
      "ulc_y": "89"
    }
  ]
}