{
  "letter_spacing": "normal", 
  "vspace": "50", 
  "form_action": "/IntegriScreenServer/MainServer", 
  "ratio": "12:12", 
  "fontsize": "15pt", 
  "border_thickness": "1", 
  "page_id": "Random_49", 
  "font_family": "\"Times\", serif", 
  "elements": [
    {
      "width": "50", 
      "initialvalue": "Random 49", 
      "editable": "false", 
      "height": "15", 
      "type": "title", 
      "id": "form_title", 
      "ulc_x": "5", 
      "ulc_y": "2"
    }, 
    {
      "width": "17", 
      "initialvalue": "nor", 
      "editable": "true", 
      "height": "9", 
      "type": "textfield", 
      "id": "0", 
      "ulc_x": "41.8", 
      "ulc_y": "19"
    }, 
    {
      "width": "37", 
      "initialvalue": "142854", 
      "editable": "true", 
      "height": "9", 
      "type": "textarea", 
      "id": "1", 
      "ulc_x": "61.8", 
      "ulc_y": "19"
    }, 
    {
      "width": "37", 
      "initialvalue": "231373", 
      "editable": "true", 
      "height": "9", 
      "type": "textfield", 
      "id": "2", 
      "ulc_x": "21.8", 
      "ulc_y": "29"
    }, 
    {
      "width": "37", 
      "initialvalue": "topnotch", 
      "editable": "false", 
      "height": "9", 
      "type": "button", 
      "id": "3", 
      "ulc_x": "61.8", 
      "ulc_y": "29"
    }, 
    {
      "width": "37", 
      "initialvalue": "359", 
      "editable": "true", 
      "height": "9", 
      "type": "textfield", 
      "id": "4", 
      "ulc_x": "21.8", 
      "ulc_y": "39"
    }, 
    {
      "width": "37", 
      "initialvalue": "15952183", 
      "editable": "false", 
      "height": "9", 
      "type": "label", 
      "id": "5", 
      "ulc_x": "21.8", 
      "ulc_y": "59"
    }, 
    {
      "width": "37", 
      "initialvalue": "statics", 
      "editable": "true", 
      "height": "9", 
      "type": "textfield", 
      "id": "6", 
      "ulc_x": "61.8", 
      "ulc_y": "59"
    }, 
    {
      "width": "17", 
      "initialvalue": "and", 
      "editable": "false", 
      "height": "9", 
      "type": "label", 
      "id": "7", 
      "ulc_x": "81.8", 
      "ulc_y": "69"
    }, 
    {
      "width": "57", 
      "initialvalue": "wannest", 
      "editable": "true", 
      "height": "9", 
      "type": "textarea", 
      "id": "8", 
      "ulc_x": "41.8", 
      "ulc_y": "79"
    }
  ]
}