{
  "letter_spacing": "normal", 
  "vspace": "59", 
  "form_action": "/IntegriScreenServer/MainServer", 
  "ratio": "12:12", 
  "fontsize": "15pt", 
  "border_thickness": "1", 
  "page_id": "Random_16", 
  "font_family": "\"Times\", serif", 
  "elements": [
    {
      "width": "50", 
      "initialvalue": "Random 16", 
      "editable": "false", 
      "height": "15", 
      "type": "title", 
      "id": "form_title", 
      "ulc_x": "5", 
      "ulc_y": "2"
    }, 
    {
      "width": "57", 
      "initialvalue": "79748321", 
      "editable": "true", 
      "height": "9", 
      "type": "textarea", 
      "id": "0", 
      "ulc_x": "21.8", 
      "ulc_y": "19"
    }, 
    {
      "width": "57", 
      "initialvalue": "rotors", 
      "editable": "true", 
      "height": "9", 
      "type": "textfield", 
      "id": "1", 
      "ulc_x": "21.8", 
      "ulc_y": "29"
    }, 
    {
      "width": "17", 
      "initialvalue": "771", 
      "editable": "true", 
      "height": "9", 
      "type": "textarea", 
      "id": "2", 
      "ulc_x": "61.8", 
      "ulc_y": "39"
    }, 
    {
      "width": "17", 
      "initialvalue": "403", 
      "editable": "false", 
      "height": "9", 
      "type": "button", 
      "id": "3", 
      "ulc_x": "81.8", 
      "ulc_y": "59"
    }, 
    {
      "width": "27", 
      "initialvalue": "pars", 
      "editable": "true", 
      "height": "9", 
      "type": "textarea", 
      "id": "4", 
      "ulc_x": "1.8", 
      "ulc_y": "69"
    }, 
    {
      "width": "37", 
      "initialvalue": "29458483", 
      "editable": "true", 
      "height": "9", 
      "type": "textarea", 
      "id": "5", 
      "ulc_x": "61.8", 
      "ulc_y": "89"
    }
  ]
}