{
  "letter_spacing": "normal", 
  "vspace": "55", 
  "form_action": "/IntegriScreenServer/MainServer", 
  "ratio": "12:12", 
  "fontsize": "15pt", 
  "border_thickness": "1", 
  "page_id": "Random_71", 
  "font_family": "\"Times\", serif", 
  "elements": [
    {
      "width": "50", 
      "initialvalue": "Random 71", 
      "editable": "false", 
      "height": "15", 
      "type": "title", 
      "id": "form_title", 
      "ulc_x": "5", 
      "ulc_y": "2"
    }, 
    {
      "width": "77", 
      "initialvalue": "005974", 
      "editable": "false", 
      "height": "9", 
      "type": "button", 
      "id": "0", 
      "ulc_x": "1.8", 
      "ulc_y": "19"
    }, 
    {
      "width": "17", 
      "initialvalue": "476", 
      "editable": "false", 
      "height": "9", 
      "type": "label", 
      "id": "1", 
      "ulc_x": "81.8", 
      "ulc_y": "19"
    }, 
    {
      "width": "87", 
      "initialvalue": "25643", 
      "editable": "true", 
      "height": "9", 
      "type": "textfield", 
      "id": "2", 
      "ulc_x": "1.8", 
      "ulc_y": "29"
    }, 
    {
      "width": "37", 
      "initialvalue": "jackal", 
      "editable": "true", 
      "height": "9", 
      "type": "textarea", 
      "id": "3", 
      "ulc_x": "1.8", 
      "ulc_y": "49"
    }, 
    {
      "width": "17", 
      "initialvalue": "182", 
      "editable": "true", 
      "height": "9", 
      "type": "textfield", 
      "id": "4", 
      "ulc_x": "41.8", 
      "ulc_y": "49"
    }, 
    {
      "width": "27", 
      "initialvalue": "roadies", 
      "editable": "true", 
      "height": "9", 
      "type": "textfield", 
      "id": "5", 
      "ulc_x": "1.8", 
      "ulc_y": "59"
    }, 
    {
      "width": "27", 
      "initialvalue": "spurts", 
      "editable": "true", 
      "height": "9", 
      "type": "textarea", 
      "id": "6", 
      "ulc_x": "61.8", 
      "ulc_y": "59"
    }, 
    {
      "width": "17", 
      "initialvalue": "may", 
      "editable": "true", 
      "height": "9", 
      "type": "textarea", 
      "id": "7", 
      "ulc_x": "61.8", 
      "ulc_y": "69"
    }, 
    {
      "width": "17", 
      "initialvalue": "991", 
      "editable": "true", 
      "height": "9", 
      "type": "textarea", 
      "id": "8", 
      "ulc_x": "81.8", 
      "ulc_y": "69"
    }, 
    {
      "width": "37", 
      "initialvalue": "0889868", 
      "editable": "false", 
      "height": "9", 
      "type": "label", 
      "id": "9", 
      "ulc_x": "1.8", 
      "ulc_y": "79"
    }, 
    {
      "width": "17", 
      "initialvalue": "454", 
      "editable": "true", 
      "height": "9", 
      "type": "textfield", 
      "id": "10", 
      "ulc_x": "81.8", 
      "ulc_y": "79"
    }, 
    {
      "width": "37", 
      "initialvalue": "reefed", 
      "editable": "true", 
      "height": "9", 
      "type": "textarea", 
      "id": "11", 
      "ulc_x": "61.8", 
      "ulc_y": "89"
    }
  ]
}