{
  "letter_spacing": "normal", 
  "vspace": "65", 
  "form_action": "/IntegriScreenServer/MainServer", 
  "ratio": "12:12", 
  "fontsize": "15pt", 
  "border_thickness": "1", 
  "page_id": "Random_3", 
  "font_family": "\"Times\", serif", 
  "elements": [
    {
      "width": "50", 
      "initialvalue": "Random 3", 
      "editable": "false", 
      "height": "15", 
      "type": "title", 
      "id": "form_title", 
      "ulc_x": "5", 
      "ulc_y": "2"
    }, 
    {
      "width": "17", 
      "initialvalue": "and", 
      "editable": "true", 
      "height": "9", 
      "type": "textfield", 
      "id": "0", 
      "ulc_x": "21.8", 
      "ulc_y": "39"
    }, 
    {
      "width": "47", 
      "initialvalue": "monarchy", 
      "editable": "false", 
      "height": "9", 
      "type": "label", 
      "id": "1", 
      "ulc_x": "41.8", 
      "ulc_y": "39"
    }, 
    {
      "width": "67", 
      "initialvalue": "flatbeds", 
      "editable": "true", 
      "height": "9", 
      "type": "textfield", 
      "id": "2", 
      "ulc_x": "21.8", 
      "ulc_y": "59"
    }, 
    {
      "width": "67", 
      "initialvalue": "952390", 
      "editable": "true", 
      "height": "9", 
      "type": "textfield", 
      "id": "3", 
      "ulc_x": "21.8", 
      "ulc_y": "79"
    }, 
    {
      "width": "47", 
      "initialvalue": "760", 
      "editable": "false", 
      "height": "9", 
      "type": "button", 
      "id": "4", 
      "ulc_x": "41.8", 
      "ulc_y": "89"
    }
  ]
}