{
  "letter_spacing": "normal", 
  "vspace": "55", 
  "form_action": "/IntegriScreenServer/MainServer", 
  "ratio": "12:12", 
  "fontsize": "15pt", 
  "border_thickness": "1", 
  "page_id": "Random_38", 
  "font_family": "\"Times\", serif", 
  "elements": [
    {
      "width": "50", 
      "initialvalue": "Random 38", 
      "editable": "false", 
      "height": "15", 
      "type": "title", 
      "id": "form_title", 
      "ulc_x": "5", 
      "ulc_y": "2"
    }, 
    {
      "width": "57", 
      "initialvalue": "059602", 
      "editable": "false", 
      "height": "9", 
      "type": "label", 
      "id": "0", 
      "ulc_x": "41.8", 
      "ulc_y": "19"
    }, 
    {
      "width": "17", 
      "initialvalue": "may", 
      "editable": "false", 
      "height": "9", 
      "type": "button", 
      "id": "1", 
      "ulc_x": "1.8", 
      "ulc_y": "29"
    }, 
    {
      "width": "17", 
      "initialvalue": "and", 
      "editable": "false", 
      "height": "9", 
      "type": "label", 
      "id": "2", 
      "ulc_x": "21.8", 
      "ulc_y": "29"
    }, 
    {
      "width": "17", 
      "initialvalue": "221", 
      "editable": "true", 
      "height": "9", 
      "type": "textarea", 
      "id": "3", 
      "ulc_x": "81.8", 
      "ulc_y": "29"
    }, 
    {
      "width": "27", 
      "initialvalue": "584302", 
      "editable": "false", 
      "height": "9", 
      "type": "label", 
      "id": "4", 
      "ulc_x": "61.8", 
      "ulc_y": "49"
    }, 
    {
      "width": "47", 
      "initialvalue": "47847922", 
      "editable": "false", 
      "height": "9", 
      "type": "label", 
      "id": "5", 
      "ulc_x": "1.8", 
      "ulc_y": "79"
    }, 
    {
      "width": "17", 
      "initialvalue": "nor", 
      "editable": "true", 
      "height": "9", 
      "type": "textarea", 
      "id": "6", 
      "ulc_x": "81.8", 
      "ulc_y": "79"
    }, 
    {
      "width": "27", 
      "initialvalue": "fear", 
      "editable": "true", 
      "height": "9", 
      "type": "textarea", 
      "id": "7", 
      "ulc_x": "21.8", 
      "ulc_y": "89"
    }
  ]
}