{
  "letter_spacing": "normal", 
  "vspace": "51", 
  "form_action": "/IntegriScreenServer/MainServer", 
  "ratio": "12:12", 
  "fontsize": "15pt", 
  "border_thickness": "1", 
  "page_id": "Random_84", 
  "font_family": "\"Times\", serif", 
  "elements": [
    {
      "width": "50", 
      "initialvalue": "Random 84", 
      "editable": "false", 
      "height": "15", 
      "type": "title", 
      "id": "form_title", 
      "ulc_x": "5", 
      "ulc_y": "2"
    }, 
    {
      "width": "77", 
      "initialvalue": "15021441", 
      "editable": "false", 
      "height": "9", 
      "type": "label", 
      "id": "0", 
      "ulc_x": "1.8", 
      "ulc_y": "19"
    }, 
    {
      "width": "17", 
      "initialvalue": "400", 
      "editable": "true", 
      "height": "9", 
      "type": "textfield", 
      "id": "1", 
      "ulc_x": "1.8", 
      "ulc_y": "29"
    }, 
    {
      "width": "57", 
      "initialvalue": "mobiles", 
      "editable": "true", 
      "height": "9", 
      "type": "textarea", 
      "id": "2", 
      "ulc_x": "21.8", 
      "ulc_y": "29"
    }, 
    {
      "width": "17", 
      "initialvalue": "and", 
      "editable": "false", 
      "height": "9", 
      "type": "label", 
      "id": "3", 
      "ulc_x": "81.8", 
      "ulc_y": "29"
    }, 
    {
      "width": "27", 
      "initialvalue": "skydives", 
      "editable": "true", 
      "height": "9", 
      "type": "textfield", 
      "id": "4", 
      "ulc_x": "41.8", 
      "ulc_y": "39"
    }, 
    {
      "width": "37", 
      "initialvalue": "evaded", 
      "editable": "false", 
      "height": "9", 
      "type": "label", 
      "id": "5", 
      "ulc_x": "41.8", 
      "ulc_y": "49"
    }, 
    {
      "width": "17", 
      "initialvalue": "nor", 
      "editable": "true", 
      "height": "9", 
      "type": "textarea", 
      "id": "6", 
      "ulc_x": "81.8", 
      "ulc_y": "49"
    }, 
    {
      "width": "57", 
      "initialvalue": "debased", 
      "editable": "false", 
      "height": "9", 
      "type": "label", 
      "id": "7", 
      "ulc_x": "1.8", 
      "ulc_y": "59"
    }, 
    {
      "width": "77", 
      "initialvalue": "overjoys", 
      "editable": "false", 
      "height": "9", 
      "type": "button", 
      "id": "8", 
      "ulc_x": "1.8", 
      "ulc_y": "69"
    }, 
    {
      "width": "17", 
      "initialvalue": "822", 
      "editable": "true", 
      "height": "9", 
      "type": "textfield", 
      "id": "9", 
      "ulc_x": "1.8", 
      "ulc_y": "89"
    }, 
    {
      "width": "17", 
      "initialvalue": "the", 
      "editable": "true", 
      "height": "9", 
      "type": "textfield", 
      "id": "10", 
      "ulc_x": "21.8", 
      "ulc_y": "89"
    }, 
    {
      "width": "17", 
      "initialvalue": "508", 
      "editable": "false", 
      "height": "9", 
      "type": "label", 
      "id": "11", 
      "ulc_x": "41.8", 
      "ulc_y": "89"
    }, 
    {
      "width": "37", 
      "initialvalue": "thronged", 
      "editable": "true", 
      "height": "9", 
      "type": "textfield", 
      "id": "12", 
      "ulc_x": "61.8", 
      "ulc_y": "89"
    }
  ]
}