{
  "letter_spacing": "normal", 
  "vspace": "69", 
  "form_action": "/IntegriScreenServer/MainServer", 
  "ratio": "12:12", 
  "fontsize": "15pt", 
  "border_thickness": "1", 
  "page_id": "Random_72", 
  "font_family": "\"Times\", serif", 
  "elements": [
    {
      "width": "50", 
      "initialvalue": "Random 72", 
      "editable": "false", 
      "height": "15", 
      "type": "title", 
      "id": "form_title", 
      "ulc_x": "5", 
      "ulc_y": "2"
    }, 
    {
      "width": "17", 
      "initialvalue": "152", 
      "editable": "false", 
      "height": "9", 
      "type": "button", 
      "id": "0", 
      "ulc_x": "41.8", 
      "ulc_y": "29"
    }, 
    {
      "width": "37", 
      "initialvalue": "542", 
      "editable": "true", 
      "height": "9", 
      "type": "textfield", 
      "id": "1", 
      "ulc_x": "41.8", 
      "ulc_y": "39"
    }, 
    {
      "width": "17", 
      "initialvalue": "and", 
      "editable": "true", 
      "height": "9", 
      "type": "textfield", 
      "id": "2", 
      "ulc_x": "81.8", 
      "ulc_y": "39"
    }, 
    {
      "width": "57", 
      "initialvalue": "paused", 
      "editable": "true", 
      "height": "9", 
      "type": "textfield", 
      "id": "3", 
      "ulc_x": "21.8", 
      "ulc_y": "49"
    }, 
    {
      "width": "17", 
      "initialvalue": "529", 
      "editable": "true", 
      "height": "9", 
      "type": "textarea", 
      "id": "4", 
      "ulc_x": "81.8", 
      "ulc_y": "49"
    }, 
    {
      "width": "77", 
      "initialvalue": "847449", 
      "editable": "true", 
      "height": "9", 
      "type": "textarea", 
      "id": "5", 
      "ulc_x": "1.8", 
      "ulc_y": "59"
    }, 
    {
      "width": "37", 
      "initialvalue": "03607", 
      "editable": "true", 
      "height": "9", 
      "type": "textarea", 
      "id": "6", 
      "ulc_x": "21.8", 
      "ulc_y": "69"
    }, 
    {
      "width": "17", 
      "initialvalue": "the", 
      "editable": "true", 
      "height": "9", 
      "type": "textfield", 
      "id": "7", 
      "ulc_x": "61.8", 
      "ulc_y": "69"
    }, 
    {
      "width": "17", 
      "initialvalue": "and", 
      "editable": "false", 
      "height": "9", 
      "type": "label", 
      "id": "8", 
      "ulc_x": "81.8", 
      "ulc_y": "69"
    }, 
    {
      "width": "37", 
      "initialvalue": "427180", 
      "editable": "false", 
      "height": "9", 
      "type": "label", 
      "id": "9", 
      "ulc_x": "21.8", 
      "ulc_y": "79"
    }, 
    {
      "width": "17", 
      "initialvalue": "nor", 
      "editable": "true", 
      "height": "9", 
      "type": "textfield", 
      "id": "10", 
      "ulc_x": "81.8", 
      "ulc_y": "79"
    }, 
    {
      "width": "37", 
      "initialvalue": "603", 
      "editable": "true", 
      "height": "9", 
      "type": "textarea", 
      "id": "11", 
      "ulc_x": "61.8", 
      "ulc_y": "89"
    }
  ]
}