{
  "letter_spacing": "normal", 
  "vspace": "62", 
  "form_action": "/IntegriScreenServer/MainServer", 
  "ratio": "12:12", 
  "fontsize": "15pt", 
  "border_thickness": "1", 
  "page_id": "Random_56", 
  "font_family": "\"Times\", serif", 
  "elements": [
    {
      "width": "50", 
      "initialvalue": "Random 56", 
      "editable": "false", 
      "height": "15", 
      "type": "title", 
      "id": "form_title", 
      "ulc_x": "5", 
      "ulc_y": "2"
    }, 
    {
      "width": "77", 
      "initialvalue": "shyer", 
      "editable": "true", 
      "height": "9", 
      "type": "textfield", 
      "id": "0", 
      "ulc_x": "21.8", 
      "ulc_y": "19"
    }, 
    {
      "width": "17", 
      "initialvalue": "742", 
      "editable": "true", 
      "height": "9", 
      "type": "textarea", 
      "id": "1", 
      "ulc_x": "41.8", 
      "ulc_y": "49"
    }, 
    {
      "width": "37", 
      "initialvalue": "386446", 
      "editable": "false", 
      "height": "9", 
      "type": "button", 
      "id": "2", 
      "ulc_x": "61.8", 
      "ulc_y": "49"
    }, 
    {
      "width": "57", 
      "initialvalue": "4605", 
      "editable": "true", 
      "height": "9", 
      "type": "textfield", 
      "id": "3", 
      "ulc_x": "1.8", 
      "ulc_y": "69"
    }, 
    {
      "width": "37", 
      "initialvalue": "13633", 
      "editable": "true", 
      "height": "9", 
      "type": "textfield", 
      "id": "4", 
      "ulc_x": "61.8", 
      "ulc_y": "69"
    }, 
    {
      "width": "17", 
      "initialvalue": "305", 
      "editable": "true", 
      "height": "9", 
      "type": "textfield", 
      "id": "5", 
      "ulc_x": "21.8", 
      "ulc_y": "79"
    }, 
    {
      "width": "57", 
      "initialvalue": "graced", 
      "editable": "true", 
      "height": "9", 
      "type": "textfield", 
      "id": "6", 
      "ulc_x": "41.8", 
      "ulc_y": "79"
    }, 
    {
      "width": "37", 
      "initialvalue": "skated", 
      "editable": "false", 
      "height": "9", 
      "type": "label", 
      "id": "7", 
      "ulc_x": "21.8", 
      "ulc_y": "89"
    }, 
    {
      "width": "17", 
      "initialvalue": "776", 
      "editable": "false", 
      "height": "9", 
      "type": "label", 
      "id": "8", 
      "ulc_x": "61.8", 
      "ulc_y": "89"
    }, 
    {
      "width": "17", 
      "initialvalue": "373", 
      "editable": "true", 
      "height": "9", 
      "type": "textfield", 
      "id": "9", 
      "ulc_x": "81.8", 
      "ulc_y": "89"
    }
  ]
}