{
  "letter_spacing": "normal", 
  "vspace": "58", 
  "form_action": "/IntegriScreenServer/MainServer", 
  "ratio": "12:12", 
  "fontsize": "15pt", 
  "border_thickness": "1", 
  "page_id": "Random_99", 
  "font_family": "\"Times\", serif", 
  "elements": [
    {
      "width": "50", 
      "initialvalue": "Random 99", 
      "editable": "false", 
      "height": "15", 
      "type": "title", 
      "id": "form_title", 
      "ulc_x": "5", 
      "ulc_y": "2"
    }, 
    {
      "width": "57", 
      "initialvalue": "coyness", 
      "editable": "false", 
      "height": "9", 
      "type": "label", 
      "id": "0", 
      "ulc_x": "41.8", 
      "ulc_y": "19"
    }, 
    {
      "width": "37", 
      "initialvalue": "33985", 
      "editable": "false", 
      "height": "9", 
      "type": "button", 
      "id": "1", 
      "ulc_x": "41.8", 
      "ulc_y": "39"
    }, 
    {
      "width": "17", 
      "initialvalue": "365", 
      "editable": "true", 
      "height": "9", 
      "type": "textfield", 
      "id": "2", 
      "ulc_x": "81.8", 
      "ulc_y": "39"
    }, 
    {
      "width": "17", 
      "initialvalue": "nor", 
      "editable": "true", 
      "height": "9", 
      "type": "textfield", 
      "id": "3", 
      "ulc_x": "1.8", 
      "ulc_y": "49"
    }, 
    {
      "width": "37", 
      "initialvalue": "28373", 
      "editable": "true", 
      "height": "9", 
      "type": "textfield", 
      "id": "4", 
      "ulc_x": "21.8", 
      "ulc_y": "49"
    }, 
    {
      "width": "17", 
      "initialvalue": "308", 
      "editable": "true", 
      "height": "9", 
      "type": "textfield", 
      "id": "5", 
      "ulc_x": "61.8", 
      "ulc_y": "49"
    }, 
    {
      "width": "37", 
      "initialvalue": "unwonted", 
      "editable": "true", 
      "height": "9", 
      "type": "textarea", 
      "id": "6", 
      "ulc_x": "21.8", 
      "ulc_y": "59"
    }, 
    {
      "width": "17", 
      "initialvalue": "858", 
      "editable": "true", 
      "height": "9", 
      "type": "textarea", 
      "id": "7", 
      "ulc_x": "61.8", 
      "ulc_y": "59"
    }, 
    {
      "width": "17", 
      "initialvalue": "390", 
      "editable": "false", 
      "height": "9", 
      "type": "label", 
      "id": "8", 
      "ulc_x": "81.8", 
      "ulc_y": "59"
    }, 
    {
      "width": "17", 
      "initialvalue": "152", 
      "editable": "true", 
      "height": "9", 
      "type": "textfield", 
      "id": "9", 
      "ulc_x": "21.8", 
      "ulc_y": "69"
    }, 
    {
      "width": "37", 
      "initialvalue": "earmark", 
      "editable": "true", 
      "height": "9", 
      "type": "textfield", 
      "id": "10", 
      "ulc_x": "1.8", 
      "ulc_y": "79"
    }, 
    {
      "width": "37", 
      "initialvalue": "376976", 
      "editable": "true", 
      "height": "9", 
      "type": "textarea", 
      "id": "11", 
      "ulc_x": "41.8", 
      "ulc_y": "79"
    }, 
    {
      "width": "17", 
      "initialvalue": "nor", 
      "editable": "true", 
      "height": "9", 
      "type": "textarea", 
      "id": "12", 
      "ulc_x": "81.8", 
      "ulc_y": "79"
    }, 
    {
      "width": "17", 
      "initialvalue": "the", 
      "editable": "false", 
      "height": "9", 
      "type": "label", 
      "id": "13", 
      "ulc_x": "81.8", 
      "ulc_y": "89"
    }
  ]
}