{
  "letter_spacing": "normal", 
  "vspace": "69", 
  "form_action": "/IntegriScreenServer/MainServer", 
  "ratio": "12:12", 
  "fontsize": "15pt", 
  "border_thickness": "1", 
  "page_id": "Random_54", 
  "font_family": "\"Times\", serif", 
  "elements": [
    {
      "width": "50", 
      "initialvalue": "Random 54", 
      "editable": "false", 
      "height": "15", 
      "type": "title", 
      "id": "form_title", 
      "ulc_x": "5", 
      "ulc_y": "2"
    }, 
    {
      "width": "17", 
      "initialvalue": "014", 
      "editable": "true", 
      "height": "9", 
      "type": "textarea", 
      "id": "0", 
      "ulc_x": "81.8", 
      "ulc_y": "19"
    }, 
    {
      "width": "27", 
      "initialvalue": "609", 
      "editable": "true", 
      "height": "9", 
      "type": "textarea", 
      "id": "1", 
      "ulc_x": "1.8", 
      "ulc_y": "39"
    }, 
    {
      "width": "37", 
      "initialvalue": "phony", 
      "editable": "true", 
      "height": "9", 
      "type": "textarea", 
      "id": "2", 
      "ulc_x": "41.8", 
      "ulc_y": "49"
    }, 
    {
      "width": "17", 
      "initialvalue": "728", 
      "editable": "false", 
      "height": "9", 
      "type": "label", 
      "id": "3", 
      "ulc_x": "81.8", 
      "ulc_y": "49"
    }, 
    {
      "width": "47", 
      "initialvalue": "ironwood", 
      "editable": "true", 
      "height": "9", 
      "type": "textarea", 
      "id": "4", 
      "ulc_x": "1.8", 
      "ulc_y": "59"
    }, 
    {
      "width": "47", 
      "initialvalue": "48467649", 
      "editable": "true", 
      "height": "9", 
      "type": "textarea", 
      "id": "5", 
      "ulc_x": "1.8", 
      "ulc_y": "69"
    }, 
    {
      "width": "17", 
      "initialvalue": "the", 
      "editable": "false", 
      "height": "9", 
      "type": "button", 
      "id": "6", 
      "ulc_x": "61.8", 
      "ulc_y": "69"
    }, 
    {
      "width": "17", 
      "initialvalue": "nor", 
      "editable": "true", 
      "height": "9", 
      "type": "textarea", 
      "id": "7", 
      "ulc_x": "81.8", 
      "ulc_y": "69"
    }, 
    {
      "width": "37", 
      "initialvalue": "infuse", 
      "editable": "true", 
      "height": "9", 
      "type": "textarea", 
      "id": "8", 
      "ulc_x": "1.8", 
      "ulc_y": "89"
    }, 
    {
      "width": "57", 
      "initialvalue": "trued", 
      "editable": "true", 
      "height": "9", 
      "type": "textfield", 
      "id": "9", 
      "ulc_x": "41.8", 
      "ulc_y": "89"
    }
  ]
}