{
  "letter_spacing": "normal", 
  "vspace": "57", 
  "form_action": "/IntegriScreenServer/MainServer", 
  "ratio": "12:12", 
  "fontsize": "15pt", 
  "border_thickness": "1", 
  "page_id": "Random_96", 
  "font_family": "\"Times\", serif", 
  "elements": [
    {
      "width": "50", 
      "initialvalue": "Random 96", 
      "editable": "false", 
      "height": "15", 
      "type": "title", 
      "id": "form_title", 
      "ulc_x": "5", 
      "ulc_y": "2"
    }, 
    {
      "width": "37", 
      "initialvalue": "showman", 
      "editable": "true", 
      "height": "9", 
      "type": "textarea", 
      "id": "0", 
      "ulc_x": "61.8", 
      "ulc_y": "19"
    }, 
    {
      "width": "37", 
      "initialvalue": "optimum", 
      "editable": "true", 
      "height": "9", 
      "type": "textfield", 
      "id": "1", 
      "ulc_x": "1.8", 
      "ulc_y": "29"
    }, 
    {
      "width": "17", 
      "initialvalue": "and", 
      "editable": "false", 
      "height": "9", 
      "type": "label", 
      "id": "2", 
      "ulc_x": "41.8", 
      "ulc_y": "29"
    }, 
    {
      "width": "17", 
      "initialvalue": "960", 
      "editable": "true", 
      "height": "9", 
      "type": "textarea", 
      "id": "3", 
      "ulc_x": "61.8", 
      "ulc_y": "29"
    }, 
    {
      "width": "17", 
      "initialvalue": "may", 
      "editable": "false", 
      "height": "9", 
      "type": "label", 
      "id": "4", 
      "ulc_x": "81.8", 
      "ulc_y": "29"
    }, 
    {
      "width": "37", 
      "initialvalue": "slurry", 
      "editable": "false", 
      "height": "9", 
      "type": "label", 
      "id": "5", 
      "ulc_x": "21.8", 
      "ulc_y": "39"
    }, 
    {
      "width": "27", 
      "initialvalue": "9441930", 
      "editable": "true", 
      "height": "9", 
      "type": "textfield", 
      "id": "6", 
      "ulc_x": "61.8", 
      "ulc_y": "49"
    }, 
    {
      "width": "27", 
      "initialvalue": "947432", 
      "editable": "false", 
      "height": "9", 
      "type": "button", 
      "id": "7", 
      "ulc_x": "1.8", 
      "ulc_y": "59"
    }, 
    {
      "width": "17", 
      "initialvalue": "652", 
      "editable": "true", 
      "height": "9", 
      "type": "textarea", 
      "id": "8", 
      "ulc_x": "61.8", 
      "ulc_y": "69"
    }, 
    {
      "width": "17", 
      "initialvalue": "and", 
      "editable": "true", 
      "height": "9", 
      "type": "textfield", 
      "id": "9", 
      "ulc_x": "81.8", 
      "ulc_y": "69"
    }, 
    {
      "width": "17", 
      "initialvalue": "nor", 
      "editable": "true", 
      "height": "9", 
      "type": "textarea", 
      "id": "10", 
      "ulc_x": "21.8", 
      "ulc_y": "79"
    }, 
    {
      "width": "17", 
      "initialvalue": "458", 
      "editable": "true", 
      "height": "9", 
      "type": "textfield", 
      "id": "11", 
      "ulc_x": "41.8", 
      "ulc_y": "79"
    }, 
    {
      "width": "37", 
      "initialvalue": "collie", 
      "editable": "true", 
      "height": "9", 
      "type": "textarea", 
      "id": "12", 
      "ulc_x": "61.8", 
      "ulc_y": "79"
    }, 
    {
      "width": "17", 
      "initialvalue": "397", 
      "editable": "true", 
      "height": "9", 
      "type": "textarea", 
      "id": "13", 
      "ulc_x": "81.8", 
      "ulc_y": "89"
    }
  ]
}