{
  "letter_spacing": "normal", 
  "vspace": "56", 
  "form_action": "/IntegriScreenServer/MainServer", 
  "ratio": "12:12", 
  "fontsize": "15pt", 
  "border_thickness": "1", 
  "page_id": "Random_78", 
  "font_family": "\"Times\", serif", 
  "elements": [
    {
      "width": "50", 
      "initialvalue": "Random 78", 
      "editable": "false", 
      "height": "15", 
      "type": "title", 
      "id": "form_title", 
      "ulc_x": "5", 
      "ulc_y": "2"
    }, 
    {
      "width": "17", 
      "initialvalue": "232", 
      "editable": "false", 
      "height": "9", 
      "type": "button", 
      "id": "0", 
      "ulc_x": "81.8", 
      "ulc_y": "19"
    }, 
    {
      "width": "17", 
      "initialvalue": "may", 
      "editable": "false", 
      "height": "9", 
      "type": "label", 
      "id": "1", 
      "ulc_x": "41.8", 
      "ulc_y": "29"
    }, 
    {
      "width": "27", 
      "initialvalue": "45474", 
      "editable": "true", 
      "height": "9", 
      "type": "textfield", 
      "id": "2", 
      "ulc_x": "61.8", 
      "ulc_y": "29"
    }, 
    {
      "width": "37", 
      "initialvalue": "984", 
      "editable": "true", 
      "height": "9", 
      "type": "textfield", 
      "id": "3", 
      "ulc_x": "1.8", 
      "ulc_y": "49"
    }, 
    {
      "width": "47", 
      "initialvalue": "65380", 
      "editable": "true", 
      "height": "9", 
      "type": "textarea", 
      "id": "4", 
      "ulc_x": "41.8", 
      "ulc_y": "49"
    }, 
    {
      "width": "17", 
      "initialvalue": "332", 
      "editable": "false", 
      "height": "9", 
      "type": "label", 
      "id": "5", 
      "ulc_x": "81.8", 
      "ulc_y": "59"
    }, 
    {
      "width": "47", 
      "initialvalue": "revealed", 
      "editable": "false", 
      "height": "9", 
      "type": "label", 
      "id": "6", 
      "ulc_x": "1.8", 
      "ulc_y": "69"
    }, 
    {
      "width": "17", 
      "initialvalue": "and", 
      "editable": "true", 
      "height": "9", 
      "type": "textfield", 
      "id": "7", 
      "ulc_x": "61.8", 
      "ulc_y": "69"
    }, 
    {
      "width": "17", 
      "initialvalue": "the", 
      "editable": "true", 
      "height": "9", 
      "type": "textfield", 
      "id": "8", 
      "ulc_x": "21.8", 
      "ulc_y": "79"
    }, 
    {
      "width": "17", 
      "initialvalue": "may", 
      "editable": "true", 
      "height": "9", 
      "type": "textarea", 
      "id": "9", 
      "ulc_x": "41.8", 
      "ulc_y": "79"
    }, 
    {
      "width": "37", 
      "initialvalue": "dist", 
      "editable": "true", 
      "height": "9", 
      "type": "textarea", 
      "id": "10", 
      "ulc_x": "61.8", 
      "ulc_y": "79"
    }, 
    {
      "width": "47", 
      "initialvalue": "3313", 
      "editable": "true", 
      "height": "9", 
      "type": "textfield", 
      "id": "11", 
      "ulc_x": "41.8", 
      "ulc_y": "89"
    }
  ]
}