{
  "letter_spacing": "normal", 
  "vspace": "68", 
  "form_action": "/IntegriScreenServer/MainServer", 
  "ratio": "12:12", 
  "fontsize": "15pt", 
  "border_thickness": "1", 
  "page_id": "Random_68", 
  "font_family": "\"Times\", serif", 
  "elements": [
    {
      "width": "50", 
      "initialvalue": "Random 68", 
      "editable": "false", 
      "height": "15", 
      "type": "title", 
      "id": "form_title", 
      "ulc_x": "5", 
      "ulc_y": "2"
    }, 
    {
      "width": "17", 
      "initialvalue": "may", 
      "editable": "false", 
      "height": "9", 
      "type": "label", 
      "id": "0", 
      "ulc_x": "1.8", 
      "ulc_y": "19"
    }, 
    {
      "width": "47", 
      "initialvalue": "0688269", 
      "editable": "true", 
      "height": "9", 
      "type": "textfield", 
      "id": "1", 
      "ulc_x": "21.8", 
      "ulc_y": "19"
    }, 
    {
      "width": "37", 
      "initialvalue": "dovecots", 
      "editable": "false", 
      "height": "9", 
      "type": "button", 
      "id": "2", 
      "ulc_x": "1.8", 
      "ulc_y": "39"
    }, 
    {
      "width": "27", 
      "initialvalue": "73818634", 
      "editable": "true", 
      "height": "9", 
      "type": "textfield", 
      "id": "3", 
      "ulc_x": "41.8", 
      "ulc_y": "39"
    }, 
    {
      "width": "17", 
      "initialvalue": "may", 
      "editable": "false", 
      "height": "9", 
      "type": "label", 
      "id": "4", 
      "ulc_x": "81.8", 
      "ulc_y": "39"
    }, 
    {
      "width": "27", 
      "initialvalue": "751", 
      "editable": "true", 
      "height": "9", 
      "type": "textfield", 
      "id": "5", 
      "ulc_x": "21.8", 
      "ulc_y": "49"
    }, 
    {
      "width": "37", 
      "initialvalue": "336307", 
      "editable": "true", 
      "height": "9", 
      "type": "textarea", 
      "id": "6", 
      "ulc_x": "21.8", 
      "ulc_y": "59"
    }, 
    {
      "width": "37", 
      "initialvalue": "587303", 
      "editable": "false", 
      "height": "9", 
      "type": "label", 
      "id": "7", 
      "ulc_x": "61.8", 
      "ulc_y": "59"
    }, 
    {
      "width": "37", 
      "initialvalue": "yodels", 
      "editable": "true", 
      "height": "9", 
      "type": "textfield", 
      "id": "8", 
      "ulc_x": "21.8", 
      "ulc_y": "69"
    }, 
    {
      "width": "17", 
      "initialvalue": "961", 
      "editable": "true", 
      "height": "9", 
      "type": "textarea", 
      "id": "9", 
      "ulc_x": "61.8", 
      "ulc_y": "69"
    }, 
    {
      "width": "27", 
      "initialvalue": "chancres", 
      "editable": "true", 
      "height": "9", 
      "type": "textfield", 
      "id": "10", 
      "ulc_x": "1.8", 
      "ulc_y": "79"
    }
  ]
}