{
  "letter_spacing": "normal", 
  "vspace": "66", 
  "form_action": "/IntegriScreenServer/MainServer", 
  "ratio": "12:12", 
  "fontsize": "15pt", 
  "border_thickness": "1", 
  "page_id": "Random_50", 
  "font_family": "\"Times\", serif", 
  "elements": [
    {
      "width": "50", 
      "initialvalue": "Random 50", 
      "editable": "false", 
      "height": "15", 
      "type": "title", 
      "id": "form_title", 
      "ulc_x": "5", 
      "ulc_y": "2"
    }, 
    {
      "width": "17", 
      "initialvalue": "612", 
      "editable": "true", 
      "height": "9", 
      "type": "textarea", 
      "id": "0", 
      "ulc_x": "41.8", 
      "ulc_y": "19"
    }, 
    {
      "width": "37", 
      "initialvalue": "balsam", 
      "editable": "false", 
      "height": "9", 
      "type": "label", 
      "id": "1", 
      "ulc_x": "61.8", 
      "ulc_y": "19"
    }, 
    {
      "width": "47", 
      "initialvalue": "7018642", 
      "editable": "false", 
      "height": "9", 
      "type": "label", 
      "id": "2", 
      "ulc_x": "1.8", 
      "ulc_y": "29"
    }, 
    {
      "width": "17", 
      "initialvalue": "897", 
      "editable": "false", 
      "height": "9", 
      "type": "label", 
      "id": "3", 
      "ulc_x": "81.8", 
      "ulc_y": "29"
    }, 
    {
      "width": "17", 
      "initialvalue": "548", 
      "editable": "true", 
      "height": "9", 
      "type": "textarea", 
      "id": "4", 
      "ulc_x": "1.8", 
      "ulc_y": "49"
    }, 
    {
      "width": "17", 
      "initialvalue": "nor", 
      "editable": "true", 
      "height": "9", 
      "type": "textarea", 
      "id": "5", 
      "ulc_x": "81.8", 
      "ulc_y": "69"
    }, 
    {
      "width": "17", 
      "initialvalue": "158", 
      "editable": "true", 
      "height": "9", 
      "type": "textarea", 
      "id": "6", 
      "ulc_x": "1.8", 
      "ulc_y": "79"
    }, 
    {
      "width": "77", 
      "initialvalue": "32827", 
      "editable": "false", 
      "height": "9", 
      "type": "button", 
      "id": "7", 
      "ulc_x": "21.8", 
      "ulc_y": "79"
    }, 
    {
      "width": "37", 
      "initialvalue": "05457102", 
      "editable": "false", 
      "height": "9", 
      "type": "label", 
      "id": "8", 
      "ulc_x": "21.8", 
      "ulc_y": "89"
    }, 
    {
      "width": "37", 
      "initialvalue": "6056406", 
      "editable": "false", 
      "height": "9", 
      "type": "label", 
      "id": "9", 
      "ulc_x": "61.8", 
      "ulc_y": "89"
    }
  ]
}