{
  "letter_spacing": "normal", 
  "vspace": "54", 
  "form_action": "/IntegriScreenServer/MainServer", 
  "ratio": "12:12", 
  "fontsize": "15pt", 
  "border_thickness": "1", 
  "page_id": "Random_14", 
  "font_family": "\"Times\", serif", 
  "elements": [
    {
      "width": "50", 
      "initialvalue": "Random 14", 
      "editable": "false", 
      "height": "15", 
      "type": "title", 
      "id": "form_title", 
      "ulc_x": "5", 
      "ulc_y": "2"
    }, 
    {
      "width": "17", 
      "initialvalue": "the", 
      "editable": "true", 
      "height": "9", 
      "type": "textfield", 
      "id": "0", 
      "ulc_x": "41.8", 
      "ulc_y": "29"
    }, 
    {
      "width": "57", 
      "initialvalue": "5400", 
      "editable": "true", 
      "height": "9", 
      "type": "textarea", 
      "id": "1", 
      "ulc_x": "21.8", 
      "ulc_y": "49"
    }, 
    {
      "width": "17", 
      "initialvalue": "and", 
      "editable": "true", 
      "height": "9", 
      "type": "textfield", 
      "id": "2", 
      "ulc_x": "1.8", 
      "ulc_y": "59"
    }, 
    {
      "width": "57", 
      "initialvalue": "832361", 
      "editable": "true", 
      "height": "9", 
      "type": "textarea", 
      "id": "3", 
      "ulc_x": "41.8", 
      "ulc_y": "59"
    }, 
    {
      "width": "47", 
      "initialvalue": "bodkin", 
      "editable": "true", 
      "height": "9", 
      "type": "textarea", 
      "id": "4", 
      "ulc_x": "41.8", 
      "ulc_y": "69"
    }, 
    {
      "width": "17", 
      "initialvalue": "484", 
      "editable": "false", 
      "height": "9", 
      "type": "button", 
      "id": "5", 
      "ulc_x": "21.8", 
      "ulc_y": "79"
    }
  ]
}