{
  "letter_spacing": "normal", 
  "vspace": "54", 
  "form_action": "/IntegriScreenServer/MainServer", 
  "ratio": "12:12", 
  "fontsize": "15pt", 
  "border_thickness": "1", 
  "page_id": "Random_35", 
  "font_family": "\"Times\", serif", 
  "elements": [
    {
      "width": "50", 
      "initialvalue": "Random 35", 
      "editable": "false", 
      "height": "15", 
      "type": "title", 
      "id": "form_title", 
      "ulc_x": "5", 
      "ulc_y": "2"
    }, 
    {
      "width": "57", 
      "initialvalue": "706", 
      "editable": "true", 
      "height": "9", 
      "type": "textfield", 
      "id": "0", 
      "ulc_x": "41.8", 
      "ulc_y": "19"
    }, 
    {
      "width": "27", 
      "initialvalue": "forepart", 
      "editable": "false", 
      "height": "9", 
      "type": "label", 
      "id": "1", 
      "ulc_x": "61.8", 
      "ulc_y": "29"
    }, 
    {
      "width": "47", 
      "initialvalue": "caller", 
      "editable": "true", 
      "height": "9", 
      "type": "textfield", 
      "id": "2", 
      "ulc_x": "21.8", 
      "ulc_y": "39"
    }, 
    {
      "width": "17", 
      "initialvalue": "981", 
      "editable": "true", 
      "height": "9", 
      "type": "textarea", 
      "id": "3", 
      "ulc_x": "81.8", 
      "ulc_y": "39"
    }, 
    {
      "width": "57", 
      "initialvalue": "coral", 
      "editable": "true", 
      "height": "9", 
      "type": "textarea", 
      "id": "4", 
      "ulc_x": "41.8", 
      "ulc_y": "49"
    }, 
    {
      "width": "47", 
      "initialvalue": "672908", 
      "editable": "false", 
      "height": "9", 
      "type": "button", 
      "id": "5", 
      "ulc_x": "41.8", 
      "ulc_y": "59"
    }, 
    {
      "width": "37", 
      "initialvalue": "hiya", 
      "editable": "true", 
      "height": "9", 
      "type": "textarea", 
      "id": "6", 
      "ulc_x": "41.8", 
      "ulc_y": "79"
    }, 
    {
      "width": "17", 
      "initialvalue": "486", 
      "editable": "true", 
      "height": "9", 
      "type": "textarea", 
      "id": "7", 
      "ulc_x": "81.8", 
      "ulc_y": "79"
    }
  ]
}