{
  "letter_spacing": "normal", 
  "vspace": "60", 
  "form_action": "/IntegriScreenServer/MainServer", 
  "ratio": "12:12", 
  "fontsize": "15pt", 
  "border_thickness": "1", 
  "page_id": "Random_36", 
  "font_family": "\"Times\", serif", 
  "elements": [
    {
      "width": "50", 
      "initialvalue": "Random 36", 
      "editable": "false", 
      "height": "15", 
      "type": "title", 
      "id": "form_title", 
      "ulc_x": "5", 
      "ulc_y": "2"
    }, 
    {
      "width": "57", 
      "initialvalue": "dipso", 
      "editable": "true", 
      "height": "9", 
      "type": "textfield", 
      "id": "0", 
      "ulc_x": "1.8", 
      "ulc_y": "29"
    }, 
    {
      "width": "27", 
      "initialvalue": "fissure", 
      "editable": "true", 
      "height": "9", 
      "type": "textarea", 
      "id": "1", 
      "ulc_x": "61.8", 
      "ulc_y": "29"
    }, 
    {
      "width": "57", 
      "initialvalue": "906433", 
      "editable": "false", 
      "height": "9", 
      "type": "label", 
      "id": "2", 
      "ulc_x": "41.8", 
      "ulc_y": "49"
    }, 
    {
      "width": "17", 
      "initialvalue": "nor", 
      "editable": "false", 
      "height": "9", 
      "type": "button", 
      "id": "3", 
      "ulc_x": "81.8", 
      "ulc_y": "59"
    }, 
    {
      "width": "27", 
      "initialvalue": "50044714", 
      "editable": "true", 
      "height": "9", 
      "type": "textfield", 
      "id": "4", 
      "ulc_x": "61.8", 
      "ulc_y": "79"
    }, 
    {
      "width": "27", 
      "initialvalue": "swim", 
      "editable": "true", 
      "height": "9", 
      "type": "textarea", 
      "id": "5", 
      "ulc_x": "1.8", 
      "ulc_y": "89"
    }, 
    {
      "width": "17", 
      "initialvalue": "866", 
      "editable": "true", 
      "height": "9", 
      "type": "textfield", 
      "id": "6", 
      "ulc_x": "61.8", 
      "ulc_y": "89"
    }, 
    {
      "width": "17", 
      "initialvalue": "may", 
      "editable": "true", 
      "height": "9", 
      "type": "textarea", 
      "id": "7", 
      "ulc_x": "81.8", 
      "ulc_y": "89"
    }
  ]
}