{
  "letter_spacing": "normal", 
  "vspace": "53", 
  "form_action": "/IntegriScreenServer/MainServer", 
  "ratio": "12:12", 
  "fontsize": "15pt", 
  "border_thickness": "1", 
  "page_id": "Random_69", 
  "font_family": "\"Times\", serif", 
  "elements": [
    {
      "width": "50", 
      "initialvalue": "Random 69", 
      "editable": "false", 
      "height": "15", 
      "type": "title", 
      "id": "form_title", 
      "ulc_x": "5", 
      "ulc_y": "2"
    }, 
    {
      "width": "57", 
      "initialvalue": "kind", 
      "editable": "true", 
      "height": "9", 
      "type": "textarea", 
      "id": "0", 
      "ulc_x": "41.8", 
      "ulc_y": "19"
    }, 
    {
      "width": "57", 
      "initialvalue": "compotes", 
      "editable": "true", 
      "height": "9", 
      "type": "textarea", 
      "id": "1", 
      "ulc_x": "1.8", 
      "ulc_y": "29"
    }, 
    {
      "width": "37", 
      "initialvalue": "727692", 
      "editable": "true", 
      "height": "9", 
      "type": "textarea", 
      "id": "2", 
      "ulc_x": "61.8", 
      "ulc_y": "29"
    }, 
    {
      "width": "17", 
      "initialvalue": "the", 
      "editable": "true", 
      "height": "9", 
      "type": "textarea", 
      "id": "3", 
      "ulc_x": "1.8", 
      "ulc_y": "49"
    }, 
    {
      "width": "17", 
      "initialvalue": "nor", 
      "editable": "false", 
      "height": "9", 
      "type": "button", 
      "id": "4", 
      "ulc_x": "81.8", 
      "ulc_y": "49"
    }, 
    {
      "width": "37", 
      "initialvalue": "slipped", 
      "editable": "true", 
      "height": "9", 
      "type": "textfield", 
      "id": "5", 
      "ulc_x": "1.8", 
      "ulc_y": "59"
    }, 
    {
      "width": "57", 
      "initialvalue": "braceros", 
      "editable": "false", 
      "height": "9", 
      "type": "label", 
      "id": "6", 
      "ulc_x": "41.8", 
      "ulc_y": "59"
    }, 
    {
      "width": "17", 
      "initialvalue": "779", 
      "editable": "false", 
      "height": "9", 
      "type": "label", 
      "id": "7", 
      "ulc_x": "21.8", 
      "ulc_y": "79"
    }, 
    {
      "width": "57", 
      "initialvalue": "groves", 
      "editable": "true", 
      "height": "9", 
      "type": "textfield", 
      "id": "8", 
      "ulc_x": "41.8", 
      "ulc_y": "79"
    }, 
    {
      "width": "17", 
      "initialvalue": "812", 
      "editable": "true", 
      "height": "9", 
      "type": "textarea", 
      "id": "9", 
      "ulc_x": "61.8", 
      "ulc_y": "89"
    }, 
    {
      "width": "17", 
      "initialvalue": "the", 
      "editable": "true", 
      "height": "9", 
      "type": "textfield", 
      "id": "10", 
      "ulc_x": "81.8", 
      "ulc_y": "89"
    }
  ]
}