{
  "letter_spacing": "normal", 
  "vspace": "56", 
  "form_action": "/IntegriScreenServer/MainServer", 
  "ratio": "12:12", 
  "fontsize": "15pt", 
  "border_thickness": "1", 
  "page_id": "Random_37", 
  "font_family": "\"Times\", serif", 
  "elements": [
    {
      "width": "50", 
      "initialvalue": "Random 37", 
      "editable": "false", 
      "height": "15", 
      "type": "title", 
      "id": "form_title", 
      "ulc_x": "5", 
      "ulc_y": "2"
    }, 
    {
      "width": "37", 
      "initialvalue": "7920998", 
      "editable": "true", 
      "height": "9", 
      "type": "textfield", 
      "id": "0", 
      "ulc_x": "21.8", 
      "ulc_y": "19"
    }, 
    {
      "width": "17", 
      "initialvalue": "047", 
      "editable": "false", 
      "height": "9", 
      "type": "button", 
      "id": "1", 
      "ulc_x": "81.8", 
      "ulc_y": "19"
    }, 
    {
      "width": "37", 
      "initialvalue": "overlaid", 
      "editable": "false", 
      "height": "9", 
      "type": "label", 
      "id": "2", 
      "ulc_x": "1.8", 
      "ulc_y": "29"
    }, 
    {
      "width": "17", 
      "initialvalue": "and", 
      "editable": "false", 
      "height": "9", 
      "type": "label", 
      "id": "3", 
      "ulc_x": "81.8", 
      "ulc_y": "39"
    }, 
    {
      "width": "17", 
      "initialvalue": "437", 
      "editable": "false", 
      "height": "9", 
      "type": "label", 
      "id": "4", 
      "ulc_x": "81.8", 
      "ulc_y": "49"
    }, 
    {
      "width": "27", 
      "initialvalue": "thready", 
      "editable": "false", 
      "height": "9", 
      "type": "label", 
      "id": "5", 
      "ulc_x": "41.8", 
      "ulc_y": "59"
    }, 
    {
      "width": "17", 
      "initialvalue": "897", 
      "editable": "true", 
      "height": "9", 
      "type": "textfield", 
      "id": "6", 
      "ulc_x": "81.8", 
      "ulc_y": "79"
    }, 
    {
      "width": "17", 
      "initialvalue": "245", 
      "editable": "false", 
      "height": "9", 
      "type": "label", 
      "id": "7", 
      "ulc_x": "81.8", 
      "ulc_y": "89"
    }
  ]
}