{
  "letter_spacing": "normal", 
  "vspace": "52", 
  "form_action": "/IntegriScreenServer/MainServer", 
  "ratio": "12:12", 
  "fontsize": "15pt", 
  "border_thickness": "1", 
  "page_id": "Random_2", 
  "font_family": "\"Times\", serif", 
  "elements": [
    {
      "width": "50", 
      "initialvalue": "Random 2", 
      "editable": "false", 
      "height": "15", 
      "type": "title", 
      "id": "form_title", 
      "ulc_x": "5", 
      "ulc_y": "2"
    }, 
    {
      "width": "37", 
      "initialvalue": "6369", 
      "editable": "true", 
      "height": "9", 
      "type": "textarea", 
      "id": "0", 
      "ulc_x": "61.8", 
      "ulc_y": "39"
    }, 
    {
      "width": "17", 
      "initialvalue": "nor", 
      "editable": "false", 
      "height": "9", 
      "type": "button", 
      "id": "1", 
      "ulc_x": "41.8", 
      "ulc_y": "49"
    }, 
    {
      "width": "27", 
      "initialvalue": "16241", 
      "editable": "false", 
      "height": "9", 
      "type": "label", 
      "id": "2", 
      "ulc_x": "61.8", 
      "ulc_y": "49"
    }, 
    {
      "width": "57", 
      "initialvalue": "1830", 
      "editable": "false", 
      "height": "9", 
      "type": "label", 
      "id": "3", 
      "ulc_x": "41.8", 
      "ulc_y": "79"
    }, 
    {
      "width": "17", 
      "initialvalue": "and", 
      "editable": "false", 
      "height": "9", 
      "type": "label", 
      "id": "4", 
      "ulc_x": "81.8", 
      "ulc_y": "89"
    }
  ]
}