{
  "letter_spacing": "normal", 
  "vspace": "50", 
  "form_action": "/IntegriScreenServer/MainServer", 
  "ratio": "12:12", 
  "fontsize": "15pt", 
  "border_thickness": "1", 
  "page_id": "Random_58", 
  "font_family": "\"Times\", serif", 
  "elements": [
    {
      "width": "50", 
      "initialvalue": "Random 58", 
      "editable": "false", 
      "height": "15", 
      "type": "title", 
      "id": "form_title", 
      "ulc_x": "5", 
      "ulc_y": "2"
    }, 
    {
      "width": "37", 
      "initialvalue": "parallax", 
      "editable": "true", 
      "height": "9", 
      "type": "textarea", 
      "id": "0", 
      "ulc_x": "1.8", 
      "ulc_y": "19"
    }, 
    {
      "width": "17", 
      "initialvalue": "nor", 
      "editable": "true", 
      "height": "9", 
      "type": "textarea", 
      "id": "1", 
      "ulc_x": "61.8", 
      "ulc_y": "19"
    }, 
    {
      "width": "17", 
      "initialvalue": "046", 
      "editable": "false", 
      "height": "9", 
      "type": "label", 
      "id": "2", 
      "ulc_x": "81.8", 
      "ulc_y": "19"
    }, 
    {
      "width": "17", 
      "initialvalue": "625", 
      "editable": "false", 
      "height": "9", 
      "type": "button", 
      "id": "3", 
      "ulc_x": "81.8", 
      "ulc_y": "29"
    }, 
    {
      "width": "17", 
      "initialvalue": "the", 
      "editable": "true", 
      "height": "9", 
      "type": "textarea", 
      "id": "4", 
      "ulc_x": "81.8", 
      "ulc_y": "39"
    }, 
    {
      "width": "47", 
      "initialvalue": "56086263", 
      "editable": "true", 
      "height": "9", 
      "type": "textarea", 
      "id": "5", 
      "ulc_x": "21.8", 
      "ulc_y": "59"
    }, 
    {
      "width": "17", 
      "initialvalue": "488", 
      "editable": "true", 
      "height": "9", 
      "type": "textarea", 
      "id": "6", 
      "ulc_x": "21.8", 
      "ulc_y": "69"
    }, 
    {
      "width": "17", 
      "initialvalue": "194", 
      "editable": "false", 
      "height": "9", 
      "type": "label", 
      "id": "7", 
      "ulc_x": "41.8", 
      "ulc_y": "69"
    }, 
    {
      "width": "17", 
      "initialvalue": "908", 
      "editable": "true", 
      "height": "9", 
      "type": "textarea", 
      "id": "8", 
      "ulc_x": "61.8", 
      "ulc_y": "89"
    }, 
    {
      "width": "17", 
      "initialvalue": "the", 
      "editable": "true", 
      "height": "9", 
      "type": "textfield", 
      "id": "9", 
      "ulc_x": "81.8", 
      "ulc_y": "89"
    }
  ]
}