{
  "letter_spacing": "normal", 
  "vspace": "69", 
  "form_action": "/IntegriScreenServer/MainServer", 
  "ratio": "12:12", 
  "fontsize": "15pt", 
  "border_thickness": "1", 
  "page_id": "Random_80", 
  "font_family": "\"Times\", serif", 
  "elements": [
    {
      "width": "50", 
      "initialvalue": "Random 80", 
      "editable": "false", 
      "height": "15", 
      "type": "title", 
      "id": "form_title", 
      "ulc_x": "5", 
      "ulc_y": "2"
    }, 
    {
      "width": "17", 
      "initialvalue": "583", 
      "editable": "false", 
      "height": "9", 
      "type": "label", 
      "id": "0", 
      "ulc_x": "1.8", 
      "ulc_y": "19"
    }, 
    {
      "width": "17", 
      "initialvalue": "663", 
      "editable": "false", 
      "height": "9", 
      "type": "label", 
      "id": "1", 
      "ulc_x": "21.8", 
      "ulc_y": "19"
    }, 
    {
      "width": "47", 
      "initialvalue": "88305", 
      "editable": "true", 
      "height": "9", 
      "type": "textarea", 
      "id": "2", 
      "ulc_x": "41.8", 
      "ulc_y": "19"
    }, 
    {
      "width": "27", 
      "initialvalue": "12113", 
      "editable": "true", 
      "height": "9", 
      "type": "textfield", 
      "id": "3", 
      "ulc_x": "61.8", 
      "ulc_y": "29"
    }, 
    {
      "width": "17", 
      "initialvalue": "200", 
      "editable": "false", 
      "height": "9", 
      "type": "label", 
      "id": "4", 
      "ulc_x": "21.8", 
      "ulc_y": "39"
    }, 
    {
      "width": "17", 
      "initialvalue": "572", 
      "editable": "false", 
      "height": "9", 
      "type": "label", 
      "id": "5", 
      "ulc_x": "41.8", 
      "ulc_y": "39"
    }, 
    {
      "width": "17", 
      "initialvalue": "161", 
      "editable": "false", 
      "height": "9", 
      "type": "label", 
      "id": "6", 
      "ulc_x": "61.8", 
      "ulc_y": "39"
    }, 
    {
      "width": "17", 
      "initialvalue": "194", 
      "editable": "false", 
      "height": "9", 
      "type": "label", 
      "id": "7", 
      "ulc_x": "81.8", 
      "ulc_y": "39"
    }, 
    {
      "width": "17", 
      "initialvalue": "may", 
      "editable": "false", 
      "height": "9", 
      "type": "button", 
      "id": "8", 
      "ulc_x": "21.8", 
      "ulc_y": "59"
    }, 
    {
      "width": "17", 
      "initialvalue": "284", 
      "editable": "false", 
      "height": "9", 
      "type": "label", 
      "id": "9", 
      "ulc_x": "41.8", 
      "ulc_y": "59"
    }, 
    {
      "width": "37", 
      "initialvalue": "83929", 
      "editable": "true", 
      "height": "9", 
      "type": "textarea", 
      "id": "10", 
      "ulc_x": "61.8", 
      "ulc_y": "59"
    }, 
    {
      "width": "67", 
      "initialvalue": "nomad", 
      "editable": "true", 
      "height": "9", 
      "type": "textarea", 
      "id": "11", 
      "ulc_x": "1.8", 
      "ulc_y": "69"
    }, 
    {
      "width": "17", 
      "initialvalue": "686", 
      "editable": "true", 
      "height": "9", 
      "type": "textarea", 
      "id": "12", 
      "ulc_x": "81.8", 
      "ulc_y": "89"
    }
  ]
}