{
  "letter_spacing": "normal", 
  "vspace": "51", 
  "form_action": "/IntegriScreenServer/MainServer", 
  "ratio": "12:12", 
  "fontsize": "15pt", 
  "border_thickness": "1", 
  "page_id": "Random_62", 
  "font_family": "\"Times\", serif", 
  "elements": [
    {
      "width": "50", 
      "initialvalue": "Random 62", 
      "editable": "false", 
      "height": "15", 
      "type": "title", 
      "id": "form_title", 
      "ulc_x": "5", 
      "ulc_y": "2"
    }, 
    {
      "width": "17", 
      "initialvalue": "befall", 
      "editable": "true", 
      "height": "9", 
      "type": "textfield", 
      "id": "0", 
      "ulc_x": "1.8", 
      "ulc_y": "39"
    }, 
    {
      "width": "17", 
      "initialvalue": "QPKH", 
      "editable": "true", 
      "height": "9", 
      "type": "textfield", 
      "id": "1", 
      "ulc_x": "21.8", 
      "ulc_y": "39"
    }, 
    {
      "width": "17", 
      "initialvalue": "QSJGV", 
      "editable": "true", 
      "height": "9", 
      "type": "textarea", 
      "id": "2", 
      "ulc_x": "41.8", 
      "ulc_y": "39"
    }, 
    {
      "width": "37", 
      "initialvalue": "porgy", 
      "editable": "false", 
      "height": "9", 
      "type": "button", 
      "id": "3", 
      "ulc_x": "61.8", 
      "ulc_y": "39"
    }, 
    {
      "width": "17", 
      "initialvalue": "24021", 
      "editable": "true", 
      "height": "9", 
      "type": "textarea", 
      "id": "4", 
      "ulc_x": "61.8", 
      "ulc_y": "69"
    }, 
    {
      "width": "17", 
      "initialvalue": "UTUN", 
      "editable": "true", 
      "height": "9", 
      "type": "textfield", 
      "id": "5", 
      "ulc_x": "81.8", 
      "ulc_y": "69"
    }, 
    {
      "width": "17", 
      "initialvalue": "402", 
      "editable": "true", 
      "height": "9", 
      "type": "textarea", 
      "id": "6", 
      "ulc_x": "21.8", 
      "ulc_y": "89"
    }, 
    {
      "width": "37", 
      "initialvalue": "6171975", 
      "editable": "true", 
      "height": "9", 
      "type": "textfield", 
      "id": "7", 
      "ulc_x": "41.8", 
      "ulc_y": "89"
    }
  ]
}