{
  "letter_spacing": "normal", 
  "vspace": "51", 
  "form_action": "/IntegriScreenServer/MainServer", 
  "ratio": "12:12", 
  "fontsize": "15pt", 
  "border_thickness": "1", 
  "page_id": "Random_14", 
  "font_family": "\"Times\", serif", 
  "elements": [
    {
      "width": "50", 
      "initialvalue": "Random 14", 
      "editable": "false", 
      "height": "15", 
      "type": "title", 
      "id": "form_title", 
      "ulc_x": "5", 
      "ulc_y": "2"
    }, 
    {
      "width": "17", 
      "initialvalue": "faro", 
      "editable": "true", 
      "height": "9", 
      "type": "textarea", 
      "id": "0", 
      "ulc_x": "81.8", 
      "ulc_y": "29"
    }, 
    {
      "width": "17", 
      "initialvalue": "slot", 
      "editable": "false", 
      "height": "9", 
      "type": "label", 
      "id": "1", 
      "ulc_x": "81.8", 
      "ulc_y": "39"
    }, 
    {
      "width": "17", 
      "initialvalue": "airman", 
      "editable": "false", 
      "height": "9", 
      "type": "button", 
      "id": "2", 
      "ulc_x": "41.8", 
      "ulc_y": "49"
    }, 
    {
      "width": "37", 
      "initialvalue": "16112", 
      "editable": "true", 
      "height": "9", 
      "type": "textarea", 
      "id": "3", 
      "ulc_x": "61.8", 
      "ulc_y": "49"
    }, 
    {
      "width": "17", 
      "initialvalue": "66970", 
      "editable": "true", 
      "height": "9", 
      "type": "textarea", 
      "id": "4", 
      "ulc_x": "81.8", 
      "ulc_y": "59"
    }
  ]
}