{
  "letter_spacing": "normal", 
  "vspace": "68", 
  "form_action": "/IntegriScreenServer/MainServer", 
  "ratio": "12:12", 
  "fontsize": "15pt", 
  "border_thickness": "1", 
  "page_id": "Random_31", 
  "font_family": "\"Times\", serif", 
  "elements": [
    {
      "width": "50", 
      "initialvalue": "Random 31", 
      "editable": "false", 
      "height": "15", 
      "type": "title", 
      "id": "form_title", 
      "ulc_x": "5", 
      "ulc_y": "2"
    }, 
    {
      "width": "57", 
      "initialvalue": "2455", 
      "editable": "true", 
      "height": "9", 
      "type": "textarea", 
      "id": "0", 
      "ulc_x": "21.8", 
      "ulc_y": "19"
    }, 
    {
      "width": "37", 
      "initialvalue": "pillows", 
      "editable": "true", 
      "height": "9", 
      "type": "textfield", 
      "id": "1", 
      "ulc_x": "1.8", 
      "ulc_y": "39"
    }, 
    {
      "width": "57", 
      "initialvalue": "FHIFN", 
      "editable": "false", 
      "height": "9", 
      "type": "button", 
      "id": "2", 
      "ulc_x": "41.8", 
      "ulc_y": "39"
    }, 
    {
      "width": "77", 
      "initialvalue": "TGXQN", 
      "editable": "true", 
      "height": "9", 
      "type": "textfield", 
      "id": "3", 
      "ulc_x": "21.8", 
      "ulc_y": "59"
    }, 
    {
      "width": "57", 
      "initialvalue": "robing", 
      "editable": "true", 
      "height": "9", 
      "type": "textfield", 
      "id": "4", 
      "ulc_x": "21.8", 
      "ulc_y": "79"
    }, 
    {
      "width": "17", 
      "initialvalue": "90141", 
      "editable": "true", 
      "height": "9", 
      "type": "textarea", 
      "id": "5", 
      "ulc_x": "81.8", 
      "ulc_y": "79"
    }
  ]
}