{
  "letter_spacing": "normal", 
  "vspace": "65", 
  "form_action": "/IntegriScreenServer/MainServer", 
  "ratio": "12:12", 
  "fontsize": "15pt", 
  "border_thickness": "1", 
  "page_id": "Random_60", 
  "font_family": "\"Times\", serif", 
  "elements": [
    {
      "width": "50", 
      "initialvalue": "Random 60", 
      "editable": "false", 
      "height": "15", 
      "type": "title", 
      "id": "form_title", 
      "ulc_x": "5", 
      "ulc_y": "2"
    }, 
    {
      "width": "17", 
      "initialvalue": "telly", 
      "editable": "true", 
      "height": "9", 
      "type": "textarea", 
      "id": "0", 
      "ulc_x": "81.8", 
      "ulc_y": "19"
    }, 
    {
      "width": "17", 
      "initialvalue": "idlers", 
      "editable": "true", 
      "height": "9", 
      "type": "textfield", 
      "id": "1", 
      "ulc_x": "21.8", 
      "ulc_y": "29"
    }, 
    {
      "width": "47", 
      "initialvalue": "prayed", 
      "editable": "false", 
      "height": "9", 
      "type": "button", 
      "id": "2", 
      "ulc_x": "21.8", 
      "ulc_y": "39"
    }, 
    {
      "width": "37", 
      "initialvalue": "machete", 
      "editable": "false", 
      "height": "9", 
      "type": "label", 
      "id": "3", 
      "ulc_x": "21.8", 
      "ulc_y": "49"
    }, 
    {
      "width": "37", 
      "initialvalue": "887", 
      "editable": "true", 
      "height": "9", 
      "type": "textfield", 
      "id": "4", 
      "ulc_x": "41.8", 
      "ulc_y": "59"
    }, 
    {
      "width": "17", 
      "initialvalue": "1355", 
      "editable": "true", 
      "height": "9", 
      "type": "textfield", 
      "id": "5", 
      "ulc_x": "81.8", 
      "ulc_y": "59"
    }, 
    {
      "width": "67", 
      "initialvalue": "hobbled", 
      "editable": "false", 
      "height": "9", 
      "type": "label", 
      "id": "6", 
      "ulc_x": "1.8", 
      "ulc_y": "69"
    }, 
    {
      "width": "77", 
      "initialvalue": "UAMJKW", 
      "editable": "false", 
      "height": "9", 
      "type": "label", 
      "id": "7", 
      "ulc_x": "21.8", 
      "ulc_y": "89"
    }
  ]
}