{
  "letter_spacing": "normal", 
  "vspace": "66", 
  "form_action": "/IntegriScreenServer/MainServer", 
  "ratio": "12:12", 
  "fontsize": "15pt", 
  "border_thickness": "1", 
  "page_id": "Random_5", 
  "font_family": "\"Times\", serif", 
  "elements": [
    {
      "width": "50", 
      "initialvalue": "Random 5", 
      "editable": "false", 
      "height": "15", 
      "type": "title", 
      "id": "form_title", 
      "ulc_x": "5", 
      "ulc_y": "2"
    }, 
    {
      "width": "17", 
      "initialvalue": "RFTA", 
      "editable": "false", 
      "height": "9", 
      "type": "button", 
      "id": "0", 
      "ulc_x": "1.8", 
      "ulc_y": "39"
    }, 
    {
      "width": "77", 
      "initialvalue": "9710215", 
      "editable": "true", 
      "height": "9", 
      "type": "textfield", 
      "id": "1", 
      "ulc_x": "21.8", 
      "ulc_y": "39"
    }, 
    {
      "width": "17", 
      "initialvalue": "onto", 
      "editable": "true", 
      "height": "9", 
      "type": "textarea", 
      "id": "2", 
      "ulc_x": "81.8", 
      "ulc_y": "59"
    }, 
    {
      "width": "17", 
      "initialvalue": "ashlar", 
      "editable": "false", 
      "height": "9", 
      "type": "label", 
      "id": "3", 
      "ulc_x": "81.8", 
      "ulc_y": "69"
    }, 
    {
      "width": "17", 
      "initialvalue": "464", 
      "editable": "true", 
      "height": "9", 
      "type": "textarea", 
      "id": "4", 
      "ulc_x": "81.8", 
      "ulc_y": "89"
    }
  ]
}