{
  "letter_spacing": "normal", 
  "vspace": "60", 
  "form_action": "/IntegriScreenServer/MainServer", 
  "ratio": "12:12", 
  "fontsize": "15pt", 
  "border_thickness": "1", 
  "page_id": "Random_3", 
  "font_family": "\"Times\", serif", 
  "elements": [
    {
      "width": "50", 
      "initialvalue": "Random 3", 
      "editable": "false", 
      "height": "15", 
      "type": "title", 
      "id": "form_title", 
      "ulc_x": "5", 
      "ulc_y": "2"
    }, 
    {
      "width": "17", 
      "initialvalue": "UZYQ", 
      "editable": "true", 
      "height": "9", 
      "type": "textfield", 
      "id": "0", 
      "ulc_x": "81.8", 
      "ulc_y": "19"
    }, 
    {
      "width": "67", 
      "initialvalue": "6513576", 
      "editable": "true", 
      "height": "9", 
      "type": "textarea", 
      "id": "1", 
      "ulc_x": "1.8", 
      "ulc_y": "39"
    }, 
    {
      "width": "17", 
      "initialvalue": "0835", 
      "editable": "false", 
      "height": "9", 
      "type": "label", 
      "id": "2", 
      "ulc_x": "81.8", 
      "ulc_y": "39"
    }, 
    {
      "width": "57", 
      "initialvalue": "KHD", 
      "editable": "false", 
      "height": "9", 
      "type": "label", 
      "id": "3", 
      "ulc_x": "41.8", 
      "ulc_y": "49"
    }, 
    {
      "width": "17", 
      "initialvalue": "fluky", 
      "editable": "false", 
      "height": "9", 
      "type": "button", 
      "id": "4", 
      "ulc_x": "81.8", 
      "ulc_y": "69"
    }
  ]
}