{
  "letter_spacing": "normal", 
  "vspace": "56", 
  "form_action": "/IntegriScreenServer/MainServer", 
  "ratio": "12:12", 
  "fontsize": "15pt", 
  "border_thickness": "1", 
  "page_id": "Random_46", 
  "font_family": "\"Times\", serif", 
  "elements": [
    {
      "width": "50", 
      "initialvalue": "Random 46", 
      "editable": "false", 
      "height": "15", 
      "type": "title", 
      "id": "form_title", 
      "ulc_x": "5", 
      "ulc_y": "2"
    }, 
    {
      "width": "57", 
      "initialvalue": "KCYKNBS", 
      "editable": "false", 
      "height": "9", 
      "type": "label", 
      "id": "0", 
      "ulc_x": "1.8", 
      "ulc_y": "19"
    }, 
    {
      "width": "27", 
      "initialvalue": "498", 
      "editable": "false", 
      "height": "9", 
      "type": "button", 
      "id": "1", 
      "ulc_x": "21.8", 
      "ulc_y": "29"
    }, 
    {
      "width": "17", 
      "initialvalue": "XLLW", 
      "editable": "true", 
      "height": "9", 
      "type": "textfield", 
      "id": "2", 
      "ulc_x": "81.8", 
      "ulc_y": "29"
    }, 
    {
      "width": "17", 
      "initialvalue": "757", 
      "editable": "true", 
      "height": "9", 
      "type": "textfield", 
      "id": "3", 
      "ulc_x": "21.8", 
      "ulc_y": "59"
    }, 
    {
      "width": "57", 
      "initialvalue": "0453", 
      "editable": "false", 
      "height": "9", 
      "type": "label", 
      "id": "4", 
      "ulc_x": "1.8", 
      "ulc_y": "79"
    }, 
    {
      "width": "17", 
      "initialvalue": "296", 
      "editable": "true", 
      "height": "9", 
      "type": "textarea", 
      "id": "5", 
      "ulc_x": "1.8", 
      "ulc_y": "89"
    }, 
    {
      "width": "27", 
      "initialvalue": "847766", 
      "editable": "false", 
      "height": "9", 
      "type": "label", 
      "id": "6", 
      "ulc_x": "21.8", 
      "ulc_y": "89"
    }
  ]
}