{
  "letter_spacing": "normal", 
  "vspace": "64", 
  "form_action": "/IntegriScreenServer/MainServer", 
  "ratio": "12:12", 
  "fontsize": "15pt", 
  "border_thickness": "1", 
  "page_id": "Random_74", 
  "font_family": "\"Times\", serif", 
  "elements": [
    {
      "width": "50", 
      "initialvalue": "Random 74", 
      "editable": "false", 
      "height": "15", 
      "type": "title", 
      "id": "form_title", 
      "ulc_x": "5", 
      "ulc_y": "2"
    }, 
    {
      "width": "87", 
      "initialvalue": "984", 
      "editable": "true", 
      "height": "9", 
      "type": "textarea", 
      "id": "0", 
      "ulc_x": "1.8", 
      "ulc_y": "19"
    }, 
    {
      "width": "17", 
      "initialvalue": "YYHF", 
      "editable": "true", 
      "height": "9", 
      "type": "textfield", 
      "id": "1", 
      "ulc_x": "81.8", 
      "ulc_y": "39"
    }, 
    {
      "width": "17", 
      "initialvalue": "7434", 
      "editable": "false", 
      "height": "9", 
      "type": "label", 
      "id": "2", 
      "ulc_x": "81.8", 
      "ulc_y": "49"
    }, 
    {
      "width": "17", 
      "initialvalue": "808", 
      "editable": "true", 
      "height": "9", 
      "type": "textarea", 
      "id": "3", 
      "ulc_x": "1.8", 
      "ulc_y": "69"
    }, 
    {
      "width": "17", 
      "initialvalue": "FXRX", 
      "editable": "false", 
      "height": "9", 
      "type": "label", 
      "id": "4", 
      "ulc_x": "21.8", 
      "ulc_y": "69"
    }, 
    {
      "width": "17", 
      "initialvalue": "2674", 
      "editable": "false", 
      "height": "9", 
      "type": "button", 
      "id": "5", 
      "ulc_x": "41.8", 
      "ulc_y": "69"
    }, 
    {
      "width": "37", 
      "initialvalue": "3604830", 
      "editable": "true", 
      "height": "9", 
      "type": "textfield", 
      "id": "6", 
      "ulc_x": "61.8", 
      "ulc_y": "69"
    }, 
    {
      "width": "27", 
      "initialvalue": "toady", 
      "editable": "true", 
      "height": "9", 
      "type": "textfield", 
      "id": "7", 
      "ulc_x": "1.8", 
      "ulc_y": "79"
    }
  ]
}