{
  "letter_spacing": "normal", 
  "vspace": "55", 
  "form_action": "/IntegriScreenServer/MainServer", 
  "ratio": "12:12", 
  "fontsize": "15pt", 
  "border_thickness": "1", 
  "page_id": "Random_90", 
  "font_family": "\"Times\", serif", 
  "elements": [
    {
      "width": "50", 
      "initialvalue": "Random 90", 
      "editable": "false", 
      "height": "15", 
      "type": "title", 
      "id": "form_title", 
      "ulc_x": "5", 
      "ulc_y": "2"
    }, 
    {
      "width": "57", 
      "initialvalue": "WWD", 
      "editable": "true", 
      "height": "9", 
      "type": "textarea", 
      "id": "0", 
      "ulc_x": "41.8", 
      "ulc_y": "19"
    }, 
    {
      "width": "57", 
      "initialvalue": "austere", 
      "editable": "false", 
      "height": "9", 
      "type": "label", 
      "id": "1", 
      "ulc_x": "41.8", 
      "ulc_y": "29"
    }, 
    {
      "width": "17", 
      "initialvalue": "GLC", 
      "editable": "true", 
      "height": "9", 
      "type": "textarea", 
      "id": "2", 
      "ulc_x": "81.8", 
      "ulc_y": "39"
    }, 
    {
      "width": "37", 
      "initialvalue": "141390", 
      "editable": "true", 
      "height": "9", 
      "type": "textfield", 
      "id": "3", 
      "ulc_x": "61.8", 
      "ulc_y": "49"
    }, 
    {
      "width": "37", 
      "initialvalue": "DBQUPG", 
      "editable": "true", 
      "height": "9", 
      "type": "textfield", 
      "id": "4", 
      "ulc_x": "21.8", 
      "ulc_y": "59"
    }, 
    {
      "width": "17", 
      "initialvalue": "CXH", 
      "editable": "false", 
      "height": "9", 
      "type": "label", 
      "id": "5", 
      "ulc_x": "1.8", 
      "ulc_y": "79"
    }, 
    {
      "width": "17", 
      "initialvalue": "890", 
      "editable": "false", 
      "height": "9", 
      "type": "label", 
      "id": "6", 
      "ulc_x": "61.8", 
      "ulc_y": "79"
    }, 
    {
      "width": "17", 
      "initialvalue": "UBW", 
      "editable": "true", 
      "height": "9", 
      "type": "textfield", 
      "id": "7", 
      "ulc_x": "81.8", 
      "ulc_y": "79"
    }, 
    {
      "width": "37", 
      "initialvalue": "9529", 
      "editable": "false", 
      "height": "9", 
      "type": "button", 
      "id": "8", 
      "ulc_x": "61.8", 
      "ulc_y": "89"
    }
  ]
}