{
  "letter_spacing": "normal", 
  "vspace": "63", 
  "form_action": "/IntegriScreenServer/MainServer", 
  "ratio": "12:12", 
  "fontsize": "15pt", 
  "border_thickness": "1", 
  "page_id": "Random_69", 
  "font_family": "\"Times\", serif", 
  "elements": [
    {
      "width": "50", 
      "initialvalue": "Random 69", 
      "editable": "false", 
      "height": "15", 
      "type": "title", 
      "id": "form_title", 
      "ulc_x": "5", 
      "ulc_y": "2"
    }, 
    {
      "width": "37", 
      "initialvalue": "daughter", 
      "editable": "true", 
      "height": "9", 
      "type": "textfield", 
      "id": "0", 
      "ulc_x": "61.8", 
      "ulc_y": "19"
    }, 
    {
      "width": "17", 
      "initialvalue": "919", 
      "editable": "true", 
      "height": "9", 
      "type": "textfield", 
      "id": "1", 
      "ulc_x": "81.8", 
      "ulc_y": "29"
    }, 
    {
      "width": "77", 
      "initialvalue": "kikes", 
      "editable": "true", 
      "height": "9", 
      "type": "textarea", 
      "id": "2", 
      "ulc_x": "21.8", 
      "ulc_y": "39"
    }, 
    {
      "width": "27", 
      "initialvalue": "1130853", 
      "editable": "false", 
      "height": "9", 
      "type": "label", 
      "id": "3", 
      "ulc_x": "61.8", 
      "ulc_y": "59"
    }, 
    {
      "width": "17", 
      "initialvalue": "BTKYS", 
      "editable": "false", 
      "height": "9", 
      "type": "button", 
      "id": "4", 
      "ulc_x": "1.8", 
      "ulc_y": "69"
    }, 
    {
      "width": "17", 
      "initialvalue": "099", 
      "editable": "false", 
      "height": "9", 
      "type": "label", 
      "id": "5", 
      "ulc_x": "81.8", 
      "ulc_y": "69"
    }, 
    {
      "width": "27", 
      "initialvalue": "pewee", 
      "editable": "true", 
      "height": "9", 
      "type": "textfield", 
      "id": "6", 
      "ulc_x": "1.8", 
      "ulc_y": "79"
    }, 
    {
      "width": "17", 
      "initialvalue": "YQSA", 
      "editable": "true", 
      "height": "9", 
      "type": "textfield", 
      "id": "7", 
      "ulc_x": "21.8", 
      "ulc_y": "89"
    }
  ]
}