{
  "letter_spacing": "normal", 
  "vspace": "68", 
  "form_action": "/IntegriScreenServer/MainServer", 
  "ratio": "12:12", 
  "fontsize": "15pt", 
  "border_thickness": "1", 
  "page_id": "Random_27", 
  "font_family": "\"Times\", serif", 
  "elements": [
    {
      "width": "50", 
      "initialvalue": "Random 27", 
      "editable": "false", 
      "height": "15", 
      "type": "title", 
      "id": "form_title", 
      "ulc_x": "5", 
      "ulc_y": "2"
    }, 
    {
      "width": "77", 
      "initialvalue": "1809", 
      "editable": "true", 
      "height": "9", 
      "type": "textarea", 
      "id": "0", 
      "ulc_x": "21.8", 
      "ulc_y": "19"
    }, 
    {
      "width": "17", 
      "initialvalue": "OCKM", 
      "editable": "false", 
      "height": "9", 
      "type": "label", 
      "id": "1", 
      "ulc_x": "61.8", 
      "ulc_y": "29"
    }, 
    {
      "width": "17", 
      "initialvalue": "98417", 
      "editable": "true", 
      "height": "9", 
      "type": "textfield", 
      "id": "2", 
      "ulc_x": "81.8", 
      "ulc_y": "29"
    }, 
    {
      "width": "67", 
      "initialvalue": "5686539", 
      "editable": "false", 
      "height": "9", 
      "type": "button", 
      "id": "3", 
      "ulc_x": "21.8", 
      "ulc_y": "49"
    }, 
    {
      "width": "27", 
      "initialvalue": "mince", 
      "editable": "true", 
      "height": "9", 
      "type": "textarea", 
      "id": "4", 
      "ulc_x": "1.8", 
      "ulc_y": "59"
    }, 
    {
      "width": "77", 
      "initialvalue": "8314532", 
      "editable": "false", 
      "height": "9", 
      "type": "label", 
      "id": "5", 
      "ulc_x": "21.8", 
      "ulc_y": "79"
    }
  ]
}