{
  "letter_spacing": "normal", 
  "vspace": "67", 
  "form_action": "/IntegriScreenServer/MainServer", 
  "ratio": "12:12", 
  "fontsize": "15pt", 
  "border_thickness": "1", 
  "page_id": "Random_28", 
  "font_family": "\"Times\", serif", 
  "elements": [
    {
      "width": "50", 
      "initialvalue": "Random 28", 
      "editable": "false", 
      "height": "15", 
      "type": "title", 
      "id": "form_title", 
      "ulc_x": "5", 
      "ulc_y": "2"
    }, 
    {
      "width": "27", 
      "initialvalue": "tampered", 
      "editable": "false", 
      "height": "9", 
      "type": "label", 
      "id": "0", 
      "ulc_x": "41.8", 
      "ulc_y": "29"
    }, 
    {
      "width": "17", 
      "initialvalue": "AXI", 
      "editable": "true", 
      "height": "9", 
      "type": "textarea", 
      "id": "1", 
      "ulc_x": "21.8", 
      "ulc_y": "49"
    }, 
    {
      "width": "37", 
      "initialvalue": "MXAHBVG", 
      "editable": "false", 
      "height": "9", 
      "type": "button", 
      "id": "2", 
      "ulc_x": "61.8", 
      "ulc_y": "49"
    }, 
    {
      "width": "77", 
      "initialvalue": "SPRFTVO", 
      "editable": "true", 
      "height": "9", 
      "type": "textfield", 
      "id": "3", 
      "ulc_x": "1.8", 
      "ulc_y": "59"
    }, 
    {
      "width": "17", 
      "initialvalue": "queer", 
      "editable": "false", 
      "height": "9", 
      "type": "label", 
      "id": "4", 
      "ulc_x": "41.8", 
      "ulc_y": "69"
    }, 
    {
      "width": "37", 
      "initialvalue": "JZDIVJC", 
      "editable": "true", 
      "height": "9", 
      "type": "textarea", 
      "id": "5", 
      "ulc_x": "21.8", 
      "ulc_y": "89"
    }
  ]
}