{
  "letter_spacing": "normal", 
  "vspace": "64", 
  "form_action": "/IntegriScreenServer/MainServer", 
  "ratio": "12:12", 
  "fontsize": "15pt", 
  "border_thickness": "1", 
  "page_id": "Random_36", 
  "font_family": "\"Times\", serif", 
  "elements": [
    {
      "width": "50", 
      "initialvalue": "Random 36", 
      "editable": "false", 
      "height": "15", 
      "type": "title", 
      "id": "form_title", 
      "ulc_x": "5", 
      "ulc_y": "2"
    }, 
    {
      "width": "57", 
      "initialvalue": "432851", 
      "editable": "false", 
      "height": "9", 
      "type": "label", 
      "id": "0", 
      "ulc_x": "21.8", 
      "ulc_y": "19"
    }, 
    {
      "width": "17", 
      "initialvalue": "VZQU", 
      "editable": "false", 
      "height": "9", 
      "type": "label", 
      "id": "1", 
      "ulc_x": "61.8", 
      "ulc_y": "29"
    }, 
    {
      "width": "57", 
      "initialvalue": "WFMNJA", 
      "editable": "false", 
      "height": "9", 
      "type": "label", 
      "id": "2", 
      "ulc_x": "41.8", 
      "ulc_y": "39"
    }, 
    {
      "width": "17", 
      "initialvalue": "47270", 
      "editable": "false", 
      "height": "9", 
      "type": "button", 
      "id": "3", 
      "ulc_x": "81.8", 
      "ulc_y": "49"
    }, 
    {
      "width": "17", 
      "initialvalue": "72251", 
      "editable": "false", 
      "height": "9", 
      "type": "label", 
      "id": "4", 
      "ulc_x": "41.8", 
      "ulc_y": "89"
    }, 
    {
      "width": "37", 
      "initialvalue": "110339", 
      "editable": "false", 
      "height": "9", 
      "type": "label", 
      "id": "5", 
      "ulc_x": "61.8", 
      "ulc_y": "89"
    }
  ]
}