{
  "letter_spacing": "normal", 
  "vspace": "67", 
  "form_action": "/IntegriScreenServer/MainServer", 
  "ratio": "12:12", 
  "fontsize": "15pt", 
  "border_thickness": "1", 
  "page_id": "Random_54", 
  "font_family": "\"Times\", serif", 
  "elements": [
    {
      "width": "50", 
      "initialvalue": "Random 54", 
      "editable": "false", 
      "height": "15", 
      "type": "title", 
      "id": "form_title", 
      "ulc_x": "5", 
      "ulc_y": "2"
    }, 
    {
      "width": "17", 
      "initialvalue": "topic", 
      "editable": "false", 
      "height": "9", 
      "type": "button", 
      "id": "0", 
      "ulc_x": "61.8", 
      "ulc_y": "29"
    }, 
    {
      "width": "17", 
      "initialvalue": "94156", 
      "editable": "true", 
      "height": "9", 
      "type": "textfield", 
      "id": "1", 
      "ulc_x": "81.8", 
      "ulc_y": "29"
    }, 
    {
      "width": "57", 
      "initialvalue": "weepings", 
      "editable": "true", 
      "height": "9", 
      "type": "textfield", 
      "id": "2", 
      "ulc_x": "41.8", 
      "ulc_y": "59"
    }, 
    {
      "width": "17", 
      "initialvalue": "4909", 
      "editable": "false", 
      "height": "9", 
      "type": "label", 
      "id": "3", 
      "ulc_x": "1.8", 
      "ulc_y": "69"
    }, 
    {
      "width": "17", 
      "initialvalue": "TUK", 
      "editable": "true", 
      "height": "9", 
      "type": "textfield", 
      "id": "4", 
      "ulc_x": "21.8", 
      "ulc_y": "79"
    }, 
    {
      "width": "47", 
      "initialvalue": "CXXIWTE", 
      "editable": "false", 
      "height": "9", 
      "type": "label", 
      "id": "5", 
      "ulc_x": "41.8", 
      "ulc_y": "79"
    }, 
    {
      "width": "17", 
      "initialvalue": "IFN", 
      "editable": "true", 
      "height": "9", 
      "type": "textarea", 
      "id": "6", 
      "ulc_x": "81.8", 
      "ulc_y": "89"
    }
  ]
}