{
  "letter_spacing": "normal", 
  "vspace": "60", 
  "form_action": "/IntegriScreenServer/MainServer", 
  "ratio": "12:12", 
  "fontsize": "15pt", 
  "border_thickness": "1", 
  "page_id": "Random_88", 
  "font_family": "\"Times\", serif", 
  "elements": [
    {
      "width": "50", 
      "initialvalue": "Random 88", 
      "editable": "false", 
      "height": "15", 
      "type": "title", 
      "id": "form_title", 
      "ulc_x": "5", 
      "ulc_y": "2"
    }, 
    {
      "width": "17", 
      "initialvalue": "245", 
      "editable": "false", 
      "height": "9", 
      "type": "label", 
      "id": "0", 
      "ulc_x": "81.8", 
      "ulc_y": "19"
    }, 
    {
      "width": "37", 
      "initialvalue": "64586", 
      "editable": "false", 
      "height": "9", 
      "type": "button", 
      "id": "1", 
      "ulc_x": "61.8", 
      "ulc_y": "39"
    }, 
    {
      "width": "17", 
      "initialvalue": "VATJN", 
      "editable": "false", 
      "height": "9", 
      "type": "label", 
      "id": "2", 
      "ulc_x": "61.8", 
      "ulc_y": "49"
    }, 
    {
      "width": "17", 
      "initialvalue": "83231", 
      "editable": "false", 
      "height": "9", 
      "type": "label", 
      "id": "3", 
      "ulc_x": "81.8", 
      "ulc_y": "49"
    }, 
    {
      "width": "37", 
      "initialvalue": "924", 
      "editable": "true", 
      "height": "9", 
      "type": "textarea", 
      "id": "4", 
      "ulc_x": "1.8", 
      "ulc_y": "59"
    }, 
    {
      "width": "57", 
      "initialvalue": "KRUE", 
      "editable": "true", 
      "height": "9", 
      "type": "textarea", 
      "id": "5", 
      "ulc_x": "41.8", 
      "ulc_y": "59"
    }, 
    {
      "width": "17", 
      "initialvalue": "PPG", 
      "editable": "true", 
      "height": "9", 
      "type": "textfield", 
      "id": "6", 
      "ulc_x": "1.8", 
      "ulc_y": "79"
    }, 
    {
      "width": "77", 
      "initialvalue": "RAIOB", 
      "editable": "false", 
      "height": "9", 
      "type": "label", 
      "id": "7", 
      "ulc_x": "21.8", 
      "ulc_y": "79"
    }, 
    {
      "width": "37", 
      "initialvalue": "8535665", 
      "editable": "true", 
      "height": "9", 
      "type": "textfield", 
      "id": "8", 
      "ulc_x": "21.8", 
      "ulc_y": "89"
    }
  ]
}