{
  "letter_spacing": "normal", 
  "vspace": "61", 
  "form_action": "/IntegriScreenServer/MainServer", 
  "ratio": "12:12", 
  "fontsize": "15pt", 
  "border_thickness": "1", 
  "page_id": "Random_30", 
  "font_family": "\"Times\", serif", 
  "elements": [
    {
      "width": "50", 
      "initialvalue": "Random 30", 
      "editable": "false", 
      "height": "15", 
      "type": "title", 
      "id": "form_title", 
      "ulc_x": "5", 
      "ulc_y": "2"
    }, 
    {
      "width": "17", 
      "initialvalue": "golds", 
      "editable": "false", 
      "height": "9", 
      "type": "label", 
      "id": "0", 
      "ulc_x": "61.8", 
      "ulc_y": "19"
    }, 
    {
      "width": "47", 
      "initialvalue": "headlamp", 
      "editable": "true", 
      "height": "9", 
      "type": "textarea", 
      "id": "1", 
      "ulc_x": "1.8", 
      "ulc_y": "59"
    }, 
    {
      "width": "37", 
      "initialvalue": "harass", 
      "editable": "true", 
      "height": "9", 
      "type": "textarea", 
      "id": "2", 
      "ulc_x": "61.8", 
      "ulc_y": "59"
    }, 
    {
      "width": "17", 
      "initialvalue": "cutter", 
      "editable": "true", 
      "height": "9", 
      "type": "textarea", 
      "id": "3", 
      "ulc_x": "1.8", 
      "ulc_y": "69"
    }, 
    {
      "width": "37", 
      "initialvalue": "RCA", 
      "editable": "true", 
      "height": "9", 
      "type": "textfield", 
      "id": "4", 
      "ulc_x": "21.8", 
      "ulc_y": "69"
    }, 
    {
      "width": "37", 
      "initialvalue": "448", 
      "editable": "false", 
      "height": "9", 
      "type": "button", 
      "id": "5", 
      "ulc_x": "61.8", 
      "ulc_y": "69"
    }
  ]
}