{
  "letter_spacing": "normal", 
  "vspace": "55", 
  "form_action": "/IntegriScreenServer/MainServer", 
  "ratio": "12:12", 
  "fontsize": "15pt", 
  "border_thickness": "1", 
  "page_id": "Random_9", 
  "font_family": "\"Times\", serif", 
  "elements": [
    {
      "width": "50", 
      "initialvalue": "Random 9", 
      "editable": "false", 
      "height": "15", 
      "type": "title", 
      "id": "form_title", 
      "ulc_x": "5", 
      "ulc_y": "2"
    }, 
    {
      "width": "37", 
      "initialvalue": "COPMAK", 
      "editable": "true", 
      "height": "9", 
      "type": "textarea", 
      "id": "0", 
      "ulc_x": "61.8", 
      "ulc_y": "19"
    }, 
    {
      "width": "17", 
      "initialvalue": "ZXFKB", 
      "editable": "true", 
      "height": "9", 
      "type": "textfield", 
      "id": "1", 
      "ulc_x": "1.8", 
      "ulc_y": "39"
    }, 
    {
      "width": "17", 
      "initialvalue": "147", 
      "editable": "true", 
      "height": "9", 
      "type": "textarea", 
      "id": "2", 
      "ulc_x": "21.8", 
      "ulc_y": "39"
    }, 
    {
      "width": "67", 
      "initialvalue": "1845", 
      "editable": "true", 
      "height": "9", 
      "type": "textarea", 
      "id": "3", 
      "ulc_x": "1.8", 
      "ulc_y": "49"
    }, 
    {
      "width": "17", 
      "initialvalue": "PKC", 
      "editable": "false", 
      "height": "9", 
      "type": "button", 
      "id": "4", 
      "ulc_x": "81.8", 
      "ulc_y": "49"
    }
  ]
}