{
  "letter_spacing": "normal", 
  "vspace": "65", 
  "form_action": "/IntegriScreenServer/MainServer", 
  "ratio": "12:12", 
  "fontsize": "15pt", 
  "border_thickness": "1", 
  "page_id": "Random_68", 
  "font_family": "\"Times\", serif", 
  "elements": [
    {
      "width": "50", 
      "initialvalue": "Random 68", 
      "editable": "false", 
      "height": "15", 
      "type": "title", 
      "id": "form_title", 
      "ulc_x": "5", 
      "ulc_y": "2"
    }, 
    {
      "width": "17", 
      "initialvalue": "mini", 
      "editable": "true", 
      "height": "9", 
      "type": "textfield", 
      "id": "0", 
      "ulc_x": "81.8", 
      "ulc_y": "19"
    }, 
    {
      "width": "67", 
      "initialvalue": "ZMHEPJC", 
      "editable": "true", 
      "height": "9", 
      "type": "textfield", 
      "id": "1", 
      "ulc_x": "1.8", 
      "ulc_y": "39"
    }, 
    {
      "width": "17", 
      "initialvalue": "BISUX", 
      "editable": "true", 
      "height": "9", 
      "type": "textarea", 
      "id": "2", 
      "ulc_x": "41.8", 
      "ulc_y": "49"
    }, 
    {
      "width": "17", 
      "initialvalue": "SDXQM", 
      "editable": "false", 
      "height": "9", 
      "type": "label", 
      "id": "3", 
      "ulc_x": "61.8", 
      "ulc_y": "49"
    }, 
    {
      "width": "17", 
      "initialvalue": "GBHBG", 
      "editable": "false", 
      "height": "9", 
      "type": "button", 
      "id": "4", 
      "ulc_x": "81.8", 
      "ulc_y": "49"
    }, 
    {
      "width": "17", 
      "initialvalue": "oilmen", 
      "editable": "true", 
      "height": "9", 
      "type": "textarea", 
      "id": "5", 
      "ulc_x": "81.8", 
      "ulc_y": "59"
    }, 
    {
      "width": "27", 
      "initialvalue": "pinups", 
      "editable": "false", 
      "height": "9", 
      "type": "label", 
      "id": "6", 
      "ulc_x": "21.8", 
      "ulc_y": "79"
    }, 
    {
      "width": "67", 
      "initialvalue": "687", 
      "editable": "false", 
      "height": "9", 
      "type": "label", 
      "id": "7", 
      "ulc_x": "1.8", 
      "ulc_y": "89"
    }
  ]
}