{
  "letter_spacing": "normal", 
  "vspace": "57", 
  "form_action": "/IntegriScreenServer/MainServer", 
  "ratio": "12:12", 
  "fontsize": "15pt", 
  "border_thickness": "1", 
  "page_id": "Random_91", 
  "font_family": "\"Times\", serif", 
  "elements": [
    {
      "width": "50", 
      "initialvalue": "Random 91", 
      "editable": "false", 
      "height": "15", 
      "type": "title", 
      "id": "form_title", 
      "ulc_x": "5", 
      "ulc_y": "2"
    }, 
    {
      "width": "67", 
      "initialvalue": "flanked", 
      "editable": "true", 
      "height": "9", 
      "type": "textarea", 
      "id": "0", 
      "ulc_x": "1.8", 
      "ulc_y": "19"
    }, 
    {
      "width": "17", 
      "initialvalue": "toxin", 
      "editable": "true", 
      "height": "9", 
      "type": "textfield", 
      "id": "1", 
      "ulc_x": "81.8", 
      "ulc_y": "19"
    }, 
    {
      "width": "37", 
      "initialvalue": "XYE", 
      "editable": "false", 
      "height": "9", 
      "type": "label", 
      "id": "2", 
      "ulc_x": "21.8", 
      "ulc_y": "29"
    }, 
    {
      "width": "17", 
      "initialvalue": "coast", 
      "editable": "true", 
      "height": "9", 
      "type": "textfield", 
      "id": "3", 
      "ulc_x": "61.8", 
      "ulc_y": "29"
    }, 
    {
      "width": "17", 
      "initialvalue": "ZSJ", 
      "editable": "false", 
      "height": "9", 
      "type": "label", 
      "id": "4", 
      "ulc_x": "81.8", 
      "ulc_y": "29"
    }, 
    {
      "width": "57", 
      "initialvalue": "YTPJST", 
      "editable": "false", 
      "height": "9", 
      "type": "button", 
      "id": "5", 
      "ulc_x": "21.8", 
      "ulc_y": "39"
    }, 
    {
      "width": "37", 
      "initialvalue": "flywheel", 
      "editable": "true", 
      "height": "9", 
      "type": "textarea", 
      "id": "6", 
      "ulc_x": "41.8", 
      "ulc_y": "49"
    }, 
    {
      "width": "67", 
      "initialvalue": "5068887", 
      "editable": "false", 
      "height": "9", 
      "type": "label", 
      "id": "7", 
      "ulc_x": "21.8", 
      "ulc_y": "69"
    }, 
    {
      "width": "47", 
      "initialvalue": "NQLNQU", 
      "editable": "true", 
      "height": "9", 
      "type": "textarea", 
      "id": "8", 
      "ulc_x": "21.8", 
      "ulc_y": "89"
    }
  ]
}