{
  "letter_spacing": "normal", 
  "vspace": "53", 
  "form_action": "/IntegriScreenServer/MainServer", 
  "ratio": "12:12", 
  "fontsize": "15pt", 
  "border_thickness": "1", 
  "page_id": "Random_52", 
  "font_family": "\"Times\", serif", 
  "elements": [
    {
      "width": "50", 
      "initialvalue": "Random 52", 
      "editable": "false", 
      "height": "15", 
      "type": "title", 
      "id": "form_title", 
      "ulc_x": "5", 
      "ulc_y": "2"
    }, 
    {
      "width": "47", 
      "initialvalue": "coarse", 
      "editable": "true", 
      "height": "9", 
      "type": "textfield", 
      "id": "0", 
      "ulc_x": "1.8", 
      "ulc_y": "29"
    }, 
    {
      "width": "57", 
      "initialvalue": "XJQVEES", 
      "editable": "false", 
      "height": "9", 
      "type": "button", 
      "id": "1", 
      "ulc_x": "1.8", 
      "ulc_y": "39"
    }, 
    {
      "width": "37", 
      "initialvalue": "53610", 
      "editable": "true", 
      "height": "9", 
      "type": "textfield", 
      "id": "2", 
      "ulc_x": "61.8", 
      "ulc_y": "39"
    }, 
    {
      "width": "17", 
      "initialvalue": "ZAK", 
      "editable": "true", 
      "height": "9", 
      "type": "textfield", 
      "id": "3", 
      "ulc_x": "21.8", 
      "ulc_y": "59"
    }, 
    {
      "width": "27", 
      "initialvalue": "YBRTCD", 
      "editable": "true", 
      "height": "9", 
      "type": "textfield", 
      "id": "4", 
      "ulc_x": "1.8", 
      "ulc_y": "69"
    }, 
    {
      "width": "47", 
      "initialvalue": "adducing", 
      "editable": "true", 
      "height": "9", 
      "type": "textfield", 
      "id": "5", 
      "ulc_x": "21.8", 
      "ulc_y": "79"
    }, 
    {
      "width": "57", 
      "initialvalue": "chow", 
      "editable": "true", 
      "height": "9", 
      "type": "textarea", 
      "id": "6", 
      "ulc_x": "1.8", 
      "ulc_y": "89"
    }
  ]
}